latitude,longitude,time,depth,mag,magType,nst,gap,dmin,rms,net,id,updated,place,type,horizontalError,depthError,magError,magNst,status,locationSource,magSource
52.0097,161.0573,2025-07-30T11:23:31.395Z,10,4.7,mb,65,125,1.787,0.59,us,us6000r16j,2025-10-17T22:51:42.040Z,"202 km SE of Petropavlovsk-Kamchatsky, Russia",earthquake,10.45,1.914,0.044,154,reviewed,us,us
48.964,156.0534,2025-07-30T11:23:26.522Z,43.397,5,mb,82,129,4.278,0.65,us,us6000r16d,2025-10-17T22:51:42.040Z,"190 km S of Severo-Kuril’sk, Russia",earthquake,9.76,7.052,0.063,80,reviewed,us,us
51.4621,159.7297,2025-07-30T11:20:14.319Z,26.352,4.5,mb,36,126,1.699,0.85,us,us6000r16k,2025-10-17T22:51:42.040Z,"186 km SSE of Vilyuchinsk, Russia",earthquake,9.93,5.941,0.106,26,reviewed,us,us
52.2804,160.8335,2025-07-30T11:19:42.502Z,35,4.3,mb,39,123,1.524,0.69,us,us6000r16l,2025-10-17T22:51:42.040Z,"172 km ESE of Petropavlovsk-Kamchatsky, Russia",earthquake,10.7,1.943,0.097,30,reviewed,us,us
51.0052,159.3263,2025-07-30T11:13:59.367Z,35,4.4,mb,28,130,2.064,0.51,us,us6000r18v,2025-10-17T22:51:42.040Z,"204 km ESE of Ozernovskiy, Russia",earthquake,10.27,1.937,0.117,21,reviewed,us,us
50.442,158.1906,2025-07-30T11:10:45.477Z,10,4.7,mb,104,131,2.601,0.55,us,us6000qwga,2025-10-17T22:51:42.040Z,"148 km E of Severo-Kuril’sk, Russia",earthquake,8.93,1.878,0.055,99,reviewed,us,us
51.6609,159.3338,2025-07-30T11:08:04.072Z,37.457,4.4,mb,21,137,1.428,0.75,us,us6000r17v,2025-10-17T22:51:42.040Z,"154 km SSE of Vilyuchinsk, Russia",earthquake,12.44,8.145,0.154,12,reviewed,us,us
49.5793,157.5322,2025-07-30T11:06:58.928Z,16.76,4.5,mb,24,136,3.519,0.78,us,us6000r18t,2025-10-17T22:51:42.040Z,"157 km SE of Severo-Kuril’sk, Russia",earthquake,9.24,4.765,0.145,14,reviewed,us,us
50.933,157.8383,2025-07-30T11:06:05.450Z,31.271,4.4,mb,14,128,2.153,0.34,us,us6000r1f2,2025-10-17T22:51:42.040Z,"112 km SE of Ozernovskiy, Russia",earthquake,11.52,6.853,0.131,17,reviewed,us,us
51.4268,159.555,2025-07-30T11:05:09.399Z,28.582,4.4,mb,31,127,1.693,0.69,us,us6000r18u,2025-10-17T22:51:42.040Z,"184 km SSE of Vilyuchinsk, Russia",earthquake,9.95,5.95,0.107,25,reviewed,us,us
49.8529,157.5905,2025-07-30T10:59:39.988Z,32.543,4.2,mb,29,134,3.243,0.71,us,us6000r165,2025-10-17T22:51:42.040Z,"138 km SE of Severo-Kuril’sk, Russia",earthquake,8.98,5.823,0.108,24,reviewed,us,us
52.4282,160.6807,2025-07-30T10:57:38.358Z,10,4.6,mb,63,120,1.371,0.94,us,us6000qwg3,2025-10-17T22:51:42.040Z,"155 km ESE of Petropavlovsk-Kamchatsky, Russia",earthquake,9.26,1.893,0.069,63,reviewed,us,us
50.9309,158.5442,2025-07-30T10:56:45.947Z,10,4.4,mb,47,129,2.097,0.5,us,us6000qwgb,2025-10-17T22:51:42.040Z,"155 km ESE of Ozernovskiy, Russia",earthquake,10.53,1.919,0.084,41,reviewed,us,us
50.3159,158.8756,2025-07-30T10:54:00.295Z,10,4.9,mb,195,117,2.715,0.61,us,us6000qwg0,2025-10-17T22:51:42.040Z,"199 km ESE of Severo-Kuril’sk, Russia",earthquake,8.62,1.866,0.034,278,reviewed,us,us
52.2073,160.4286,2025-07-30T10:51:27.672Z,44.12,4,mb,22,123,1.358,0.6,us,us6000r160,2025-10-17T22:51:42.040Z,"154 km SE of Petropavlovsk-Kamchatsky, Russia",earthquake,7.07,7.932,0.125,17,reviewed,us,us
51.6705,159.0636,2025-07-30T10:46:58.348Z,35,4.3,mb,14,147,1.379,0.65,us,us6000r1dm,2025-10-17T22:51:42.040Z,"147 km SSE of Vilyuchinsk, Russia",earthquake,12.29,1.962,0.16,11,reviewed,us,us
52.0022,160.335,2025-07-30T10:44:11.699Z,35,4.3,mb,24,124,1.451,0.68,us,us6000r18n,2025-10-17T22:51:42.040Z,"165 km SE of Petropavlovsk-Kamchatsky, Russia",earthquake,7.06,1.938,0.137,15,reviewed,us,us
51.3533,159.6584,2025-07-30T10:40:50.387Z,10,4.9,mb,130,86,1.784,0.9,us,us6000qwfx,2025-10-17T22:51:42.040Z,"195 km SSE of Vilyuchinsk, Russia",earthquake,8.14,1.866,0.048,133,reviewed,us,us
52.0813,159.8409,2025-07-30T10:39:24.634Z,47.97,4.2,mb,24,124,1.191,0.81,us,us6000r15z,2025-10-17T22:51:42.040Z,"135 km SE of Vilyuchinsk, Russia",earthquake,10.62,7.661,0.113,22,reviewed,us,us
52.1012,161.1627,2025-07-30T10:38:26.796Z,10,4.4,mb,26,134,1.79,0.39,us,us6000r18k,2025-10-17T22:51:42.040Z,"202 km ESE of Petropavlovsk-Kamchatsky, Russia",earthquake,13.08,1.923,0.117,21,reviewed,us,us
50.1261,156.8098,2025-07-30T10:37:47.817Z,59.048,4.2,mb,21,137,3.037,0.32,us,us6000r161,2025-10-17T22:51:42.040Z,"78 km SE of Severo-Kuril’sk, Russia",earthquake,14.51,8.606,0.152,12,reviewed,us,us
50.5767,158.9402,2025-07-30T10:34:55.914Z,10,4.8,mb,26,132,2.457,1.14,us,us6000r17f,2025-10-17T22:51:42.040Z,"199 km ESE of Ozernovskiy, Russia",earthquake,10.77,1.903,0.143,15,reviewed,us,us
48.8812,155.9025,2025-07-30T10:33:07.352Z,35,4.6,mb,40,137,4.382,0.85,us,us6000r1d9,2025-10-17T22:51:42.040Z,"200 km S of Severo-Kuril’sk, Russia",earthquake,12.46,1.937,0.095,33,reviewed,us,us
52.6618,159.9063,2025-07-30T10:32:11.079Z,39.226,4.3,mb,32,120,0.844,0.76,us,us6000r18i,2025-10-17T22:51:42.040Z,"97 km ESE of Petropavlovsk-Kamchatsky, Russia",earthquake,10.89,8.515,0.099,29,reviewed,us,us
52.2758,161.193,2025-07-30T10:27:46.288Z,10,4.2,mb,16,123,1.721,0.85,us,us6000r1d3,2025-10-17T22:51:42.040Z,"194 km ESE of Petropavlovsk-Kamchatsky, Russia",earthquake,6.3,1.911,0.158,11,reviewed,us,us
52.4535,160.961,2025-07-30T10:26:46.299Z,28.626,4.3,mb,42,122,1.517,0.93,us,us6000r18j,2025-10-17T22:51:42.040Z,"171 km ESE of Petropavlovsk-Kamchatsky, Russia",earthquake,11.34,6.28,0.08,44,reviewed,us,us
51.5876,160.0455,2025-07-30T10:24:50.973Z,10,4.4,mb,21,216,1.674,0.58,us,us6000r15t,2025-10-17T22:51:42.040Z,"186 km SE of Vilyuchinsk, Russia",earthquake,9.92,1.974,0.123,19,reviewed,us,us
52.339,160.7464,2025-07-30T10:22:58.991Z,19.625,4.3,mb,36,122,1.449,0.35,us,us6000r1cy,2025-10-17T22:51:42.040Z,"164 km ESE of Petropavlovsk-Kamchatsky, Russia",earthquake,10.43,5.472,0.083,41,reviewed,us,us
50.9031,157.4111,2025-07-30T10:21:58.443Z,44.347,4.3,mb,31,129,2.216,0.62,us,us6000r15w,2025-10-17T22:51:42.040Z,"91 km SE of Ozernovskiy, Russia",earthquake,7.32,8.429,0.108,24,reviewed,us,us
51.6105,158.4606,2025-07-30T10:19:22.956Z,51.492,4.3,mb,48,125,1.42,0.96,us,us6000r15u,2025-10-17T22:51:42.040Z,"136 km E of Ozernovskiy, Russia",earthquake,9.43,7.449,0.079,45,reviewed,us,us
52.1154,160.5132,2025-07-30T10:16:39.837Z,21.747,4.5,mb,36,118,1.456,0.76,us,us6000r15v,2025-10-17T22:51:42.040Z,"165 km SE of Petropavlovsk-Kamchatsky, Russia",earthquake,10.68,6.15,0.092,35,reviewed,us,us
52.3504,160.366,2025-07-30T10:13:04.356Z,35,5.1,mb,112,152,1.243,1,us,us6000qwft,2025-10-17T22:51:42.040Z,"141 km SE of Petropavlovsk-Kamchatsky, Russia",earthquake,9.15,1.933,0.042,182,reviewed,us,us
52.2299,160.6111,2025-07-30T10:09:40.868Z,10,5.2,mb,173,107,1.435,0.77,us,us6000qwfp,2025-10-17T22:51:42.040Z,"163 km SE of Petropavlovsk-Kamchatsky, Russia",earthquake,8.47,1.864,0.026,503,reviewed,us,us
51.7916,159.2703,2025-07-30T10:05:46.714Z,66.976,4.6,mb,18,125,1.291,0.67,us,us6000r15m,2025-10-17T22:51:42.040Z,"139 km SSE of Vilyuchinsk, Russia",earthquake,10.56,8.163,0.146,14,reviewed,us,us
51.3138,159.6768,2025-07-30T09:57:27.860Z,35,5.4,mb,26,217,1.825,0.69,us,us6000r1cz,2025-10-17T22:51:42.040Z,"199 km SSE of Vilyuchinsk, Russia",earthquake,8.68,1.98,0.12,24,reviewed,us,us
51.6041,160.0013,2025-07-30T09:56:13.780Z,10.445,6.1,mwb,301,52,1.646,0.71,us,us6000qwfe,2025-10-17T22:51:42.040Z,"183 km SE of Vilyuchinsk, Russia",earthquake,7.84,4.034,0.031,102,reviewed,us,us
52.2549,160.8089,2025-07-30T09:54:30.220Z,10,4.4,mb,25,117,1.524,0.49,us,us6000r1d1,2025-10-17T22:51:42.040Z,"172 km ESE of Petropavlovsk-Kamchatsky, Russia",earthquake,5.51,1.866,0.112,23,reviewed,us,us
52.1346,161.0574,2025-07-30T09:53:49.705Z,13.172,4.4,mb,25,119,1.718,0.64,us,us6000r1d0,2025-10-17T22:51:42.040Z,"194 km ESE of Petropavlovsk-Kamchatsky, Russia",earthquake,11.27,5.719,0.135,16,reviewed,us,us
52.3331,160.0237,2025-07-30T09:52:40.435Z,37.905,4.7,mb,27,68,1.613,0.63,us,us6000r15l,2025-10-17T22:51:42.040Z,"124 km SE of Petropavlovsk-Kamchatsky, Russia",earthquake,10.17,8.038,0.112,24,reviewed,us,us
52.2109,160.841,2025-07-30T09:52:17.790Z,10,4.7,mb,37,123,1.564,0.6,us,us6000r187,2025-10-17T22:51:42.040Z,"177 km ESE of Petropavlovsk-Kamchatsky, Russia",earthquake,9.68,1.891,0.103,29,reviewed,us,us
52.1538,160.7119,2025-07-30T09:50:51.765Z,27.022,4.6,mb,27,178,1.53,0.56,us,us6000r176,2025-10-17T22:51:42.040Z,"173 km SE of Petropavlovsk-Kamchatsky, Russia",earthquake,11.59,6.86,0.114,23,reviewed,us,us
51.1714,159.494,2025-07-30T09:49:45.616Z,10,4.9,mb,105,176,1.927,0.59,us,us6000qwfb,2025-10-17T22:51:42.040Z,"209 km SSE of Vilyuchinsk, Russia",earthquake,7.34,1.919,0.057,97,reviewed,us,us
50.9933,158.249,2025-07-30T09:48:04.269Z,35,4.5,mb,26,137,2.048,0.67,us,us6000qwf8,2025-10-17T22:51:42.040Z,"134 km ESE of Ozernovskiy, Russia",earthquake,14.27,1.934,0.067,66,reviewed,us,us
52.3877,161.6361,2025-07-30T09:45:13.196Z,10,4.5,mb,93,120,1.925,0.5,us,us6000qwfr,2025-10-17T22:51:42.040Z,"216 km ESE of Petropavlovsk-Kamchatsky, Russia",earthquake,6.83,1.87,0.057,91,reviewed,us,us
50.1512,157.6116,2025-07-30T09:44:48.124Z,35,4.3,mb,29,132,2.948,0.53,us,us6000r188,2025-10-17T22:51:42.040Z,"120 km ESE of Severo-Kuril’sk, Russia",earthquake,10.04,1.934,0.119,20,reviewed,us,us
51.7276,159.6064,2025-07-30T09:41:06.210Z,35,4.4,mb,33,126,1.424,0.44,us,us6000r15h,2025-10-17T22:51:42.040Z,"156 km SSE of Vilyuchinsk, Russia",earthquake,7.7,1.899,0.096,31,reviewed,us,us
51.9508,159.3584,2025-07-30T09:40:05.953Z,47.65,4.4,mb,24,124,1.158,0.32,us,us6000r17d,2025-10-17T22:51:42.040Z,"126 km SSE of Vilyuchinsk, Russia",earthquake,8.15,7.995,0.123,19,reviewed,us,us
49.7696,156.6007,2025-07-30T09:39:05.541Z,35,4.5,mb,37,133,3.413,0.79,us,us6000r15i,2025-10-17T22:51:42.040Z,"106 km SSE of Severo-Kuril’sk, Russia",earthquake,6.94,1.764,0.101,29,reviewed,us,us
52.263,160.126,2025-07-30T09:36:40.018Z,32.103,4.4,mb,36,123,1.179,0.52,us,us6000r182,2025-10-17T22:51:42.040Z,"134 km SE of Petropavlovsk-Kamchatsky, Russia",earthquake,7.93,5.667,0.097,31,reviewed,us,us
52.6033,160.3283,2025-07-30T09:36:16.279Z,34.411,4.4,mb,30,119,1.102,0.69,us,us6000r1e9,2025-10-17T22:51:42.040Z,"125 km ESE of Petropavlovsk-Kamchatsky, Russia",earthquake,9.43,6.426,0.101,28,reviewed,us,us
51.8288,160.4985,2025-07-30T09:33:30.171Z,10,4.6,mb,48,121,1.647,0.86,us,us6000qwf0,2025-10-17T22:51:42.040Z,"187 km SE of Petropavlovsk-Kamchatsky, Russia",earthquake,10.42,1.905,0.083,44,reviewed,us,us
51.8491,160.4163,2025-07-30T09:31:20.542Z,19.954,4.5,mb,43,124,1.598,0.9,us,us6000qwez,2025-10-17T22:51:42.040Z,"181 km SE of Petropavlovsk-Kamchatsky, Russia",earthquake,9.05,4.965,0.086,40,reviewed,us,us
50.5441,157.3479,2025-07-30T09:30:44.364Z,35,4.3,mb,35,130,2.577,0.52,us,us6000r15b,2025-10-17T22:51:42.040Z,"87 km E of Severo-Kuril’sk, Russia",earthquake,11.27,1.944,0.094,32,reviewed,us,us
51.373,159.4387,2025-07-30T09:29:42.042Z,10,4.4,mb,33,128,1.723,0.6,us,us6000r158,2025-10-17T22:51:42.040Z,"187 km SSE of Vilyuchinsk, Russia",earthquake,9.68,1.913,0.108,25,reviewed,us,us
51.6804,159.8877,2025-07-30T09:29:20.322Z,33.748,4.3,mb,39,91,1.544,0.89,us,us6000r183,2025-10-17T22:51:42.040Z,"172 km SE of Vilyuchinsk, Russia",earthquake,10.29,6.15,0.097,30,reviewed,us,us
51.6576,160.11,2025-07-30T09:29:11.402Z,35,4.3,mb,34,127,1.635,0.77,us,us6000r1er,2025-10-17T22:51:42.040Z,"183 km SE of Vilyuchinsk, Russia",earthquake,5.7,1.887,0.105,26,reviewed,us,us
51.4931,158.2431,2025-07-30T09:26:18.724Z,32.584,4.6,mb,30,126,1.553,0.33,us,us6000r159,2025-10-17T22:51:42.040Z,"120 km E of Ozernovskiy, Russia",earthquake,7.97,6.116,0.103,28,reviewed,us,us
51.7803,160.3074,2025-07-30T09:24:22.526Z,10,4.5,mb,91,129,1.607,0.61,us,us6000qwew,2025-10-17T22:51:42.040Z,"182 km SE of Vilyuchinsk, Russia",earthquake,9.97,1.906,0.057,90,reviewed,us,us
51.1324,159.1921,2025-07-30T09:21:10.802Z,29.392,4.4,mb,64,125,1.923,0.64,us,us6000r15g,2025-10-17T22:51:42.040Z,"191 km ESE of Ozernovskiy, Russia",earthquake,9.12,5.696,0.081,44,reviewed,us,us
52.3361,160.4705,2025-07-30T09:20:46.999Z,42.506,4.1,mb,29,119,1.305,0.71,us,us6000r17x,2025-10-17T22:51:42.040Z,"148 km SE of Petropavlovsk-Kamchatsky, Russia",earthquake,6.28,8.941,0.127,17,reviewed,us,us
51.4088,158.3431,2025-07-30T09:18:43.652Z,18.877,4.3,mb,26,126,1.628,0.86,us,us6000r170,2025-10-17T22:51:42.040Z,"128 km E of Ozernovskiy, Russia",earthquake,10.35,5.734,0.129,17,reviewed,us,us
51.1493,159.2897,2025-07-30T09:12:29.439Z,10,5.3,mb,211,129,1.918,0.72,us,us6000qwes,2025-10-17T22:51:42.040Z,"198 km ESE of Ozernovskiy, Russia",earthquake,8.87,1.865,0.029,395,reviewed,us,us
50.9991,159.3177,2025-07-30T09:12:21.126Z,10,4.5,mb,28,130,2.069,0.57,us,us6000r1jm,2025-10-17T22:51:42.040Z,"204 km ESE of Ozernovskiy, Russia",earthquake,7.47,1.902,0.109,25,reviewed,us,us
49.8707,157.7339,2025-07-30T09:11:14.775Z,10,4.8,mb,106,134,3.209,0.75,us,us6000r1df,2025-10-17T22:51:42.040Z,"145 km SE of Severo-Kuril’sk, Russia",earthquake,10.52,1.889,0.056,100,reviewed,us,us
52.6104,160.9417,2025-07-30T09:10:11.499Z,22.815,4.9,mb,184,116,1.451,0.63,us,us6000qwer,2025-10-17T22:51:42.040Z,"163 km ESE of Petropavlovsk-Kamchatsky, Russia",earthquake,8.36,5.283,0.035,258,reviewed,us,us
50.3851,158.1232,2025-07-30T09:03:50.548Z,24.934,4.6,mb,60,132,2.662,0.6,us,us6000r153,2025-10-17T22:51:42.040Z,"145 km ESE of Severo-Kuril’sk, Russia",earthquake,11.37,5.91,0.076,51,reviewed,us,us
51.5556,159.4736,2025-07-30T09:03:03.742Z,35,4.6,mb,35,127,1.555,0.73,us,us6000r1dj,2025-10-17T22:51:42.040Z,"169 km SSE of Vilyuchinsk, Russia",earthquake,8.36,1.89,0.101,29,reviewed,us,us
50.3229,157.3196,2025-07-30T09:01:49.260Z,35,4.9,mb,273,100,2.799,0.6,us,us6000qwep,2025-10-17T22:51:42.040Z,"93 km ESE of Severo-Kuril’sk, Russia",earthquake,8.38,1.886,0.026,464,reviewed,us,us
50.9796,158.9758,2025-07-30T09:00:52.067Z,26.593,4.2,mb,47,129,2.057,0.48,us,us6000r16v,2025-10-17T22:51:42.040Z,"182 km ESE of Ozernovskiy, Russia",earthquake,10.81,6.21,0.079,44,reviewed,us,us
52.0687,159.9883,2025-07-30T08:55:29.868Z,10,4.9,mb,13,121,1.258,0.82,us,us6000qwen,2025-10-17T22:51:42.040Z,"144 km SE of Vilyuchinsk, Russia",earthquake,11.15,1.924,0.096,38,reviewed,us,us
51.1329,159.0694,2025-07-30T08:55:08.171Z,10,4.8,mb,40,129,1.911,0.69,us,us6000r14z,2025-10-17T22:51:42.040Z,"183 km ESE of Ozernovskiy, Russia",earthquake,7.79,1.889,0.087,80,reviewed,us,us
52.3976,160.7673,2025-07-30T08:53:05.572Z,10,5,mb,93,119,1.433,1.06,us,us6000qweh,2025-10-17T22:51:42.040Z,"162 km ESE of Petropavlovsk-Kamchatsky, Russia",earthquake,8.28,1.872,0.028,413,reviewed,us,us
52.5031,160.8273,2025-07-30T08:47:49.399Z,10,5.1,mb,117,84,1.422,1.31,us,us6000qwed,2025-10-17T22:51:42.040Z,"161 km ESE of Petropavlovsk-Kamchatsky, Russia",earthquake,8.16,1.823,0.028,416,reviewed,us,us
49.6905,155.962,2025-07-30T08:40:26.898Z,66.239,5,mb,102,87,3.591,0.83,us,us6000qwe5,2025-10-17T22:51:42.040Z,"110 km S of Severo-Kuril’sk, Russia",earthquake,9,5.249,0.023,601,reviewed,us,us
50.5404,160.2637,2025-07-30T08:37:16.185Z,10,4.3,mb,34,127,2.681,0.94,us,us6000r14w,2025-10-17T22:51:42.040Z,"284 km ESE of Ozernovskiy, Russia",earthquake,9.95,1.909,0.108,24,reviewed,us,us
48.9678,156.1093,2025-07-30T08:35:30.362Z,10,4.6,mb,59,172,4.265,0.55,us,us6000r17n,2025-10-17T22:51:42.040Z,"189 km S of Severo-Kuril’sk, Russia",earthquake,9.74,1.936,0.061,81,reviewed,us,us
51.5041,159.3391,2025-07-30T08:35:01.323Z,38.295,4.5,mb,34,133,1.58,1.04,us,us6000r16g,2025-10-17T22:51:42.040Z,"171 km SSE of Vilyuchinsk, Russia",earthquake,11.52,7.919,0.109,25,reviewed,us,us
51.4405,159.828,2025-07-30T08:32:52.189Z,10,4.8,mb,76,121,1.743,0.68,us,us6000qwe1,2025-10-17T22:51:42.040Z,"192 km SSE of Vilyuchinsk, Russia",earthquake,8.98,1.871,0.056,99,reviewed,us,us
52.5168,160.6683,2025-07-30T08:30:51.834Z,10,4.4,mb,70,121,1.327,0.79,us,us6000qwe2,2025-10-17T22:51:42.040Z,"150 km ESE of Petropavlovsk-Kamchatsky, Russia",earthquake,11.07,1.92,0.062,74,reviewed,us,us
51.3451,158.9883,2025-07-30T08:29:24.948Z,35,4.5,mb,45,121,1.694,0.96,us,us6000r14j,2025-10-17T22:51:42.040Z,"173 km E of Ozernovskiy, Russia",earthquake,8.45,1.926,0.06,81,reviewed,us,us
51.752,160.1481,2025-07-30T08:28:23.577Z,10,4.2,mb,24,156,1.57,0.94,us,us6000r1dp,2025-10-17T22:51:42.040Z,"177 km SE of Vilyuchinsk, Russia",earthquake,10.18,1.971,0.128,17,reviewed,us,us
52.4647,160.4842,2025-07-30T08:27:02.936Z,10,4.4,mb,28,176,1.248,0.77,us,us6000r14k,2025-10-17T22:51:42.040Z,"141 km ESE of Petropavlovsk-Kamchatsky, Russia",earthquake,11.44,1.958,0.118,25,reviewed,us,us
51.6484,159.695,2025-07-30T08:25:24.953Z,35,4.3,mb,25,142,1.519,1.14,us,us6000r1fw,2025-10-17T22:51:42.040Z,"167 km SSE of Vilyuchinsk, Russia",earthquake,11.85,1.963,0.116,21,reviewed,us,us
51.7686,159.5178,2025-07-30T08:24:10.005Z,10,4.6,mb,36,122,1.365,1.33,us,us6000r14m,2025-10-17T22:51:42.040Z,"149 km SSE of Vilyuchinsk, Russia",earthquake,6.5,1.9,0.125,29,reviewed,us,us
51.6326,159.3946,2025-07-30T08:23:28.229Z,10,4.6,mb,28,127,1.466,0.53,us,us6000r14x,2025-10-17T22:51:42.040Z,"159 km SSE of Vilyuchinsk, Russia",earthquake,8.86,1.887,0.141,22,reviewed,us,us
51.1354,159.4812,2025-07-30T08:21:53.738Z,10,4.6,mb,29,89,1.959,0.87,us,us6000r14n,2025-10-17T22:51:42.040Z,"211 km ESE of Ozernovskiy, Russia",earthquake,4.38,1.907,0.141,23,reviewed,us,us
50.1315,157.763,2025-07-30T08:20:44.798Z,26.355,4.6,mb,41,132,2.948,0.76,us,us6000r17m,2025-10-17T22:51:42.040Z,"131 km ESE of Severo-Kuril’sk, Russia",earthquake,7.77,4.722,0.141,24,reviewed,us,us
49.9338,157.562,2025-07-30T08:19:08.556Z,10,4.8,mb,76,116,3.168,1.17,us,us6000qwdu,2025-10-17T22:51:42.040Z,"131 km SE of Severo-Kuril’sk, Russia",earthquake,8.21,1.861,0.026,469,reviewed,us,us
52.1986,159.5556,2025-07-30T08:14:10.928Z,48.659,4.2,mb,28,151,0.994,0.57,us,us6000r17c,2025-10-17T22:51:42.040Z,"112 km SE of Vilyuchinsk, Russia",earthquake,10.06,7.84,0.118,20,reviewed,us,us
51.4034,158.6437,2025-07-30T08:13:00.018Z,49.257,4.2,mb,46,127,1.623,0.88,us,us6000r14i,2025-10-17T22:51:42.040Z,"149 km E of Ozernovskiy, Russia",earthquake,11.18,8.342,0.082,41,reviewed,us,us
52.3704,160.4888,2025-07-30T08:09:30.340Z,10,4.2,mb,19,212,1.296,1.33,us,us6000r1du,2025-10-17T22:51:42.040Z,"147 km ESE of Petropavlovsk-Kamchatsky, Russia",earthquake,9.24,1.96,0.158,11,reviewed,us,us
51.6429,159.3992,2025-07-30T08:08:48.783Z,10,4.3,mb,33,127,1.457,0.65,us,us6000r1g7,2025-10-17T22:51:42.040Z,"158 km SSE of Vilyuchinsk, Russia",earthquake,9.7,1.641,0.087,40,reviewed,us,us
49.8,158.9046,2025-07-30T08:08:08.533Z,10,4.4,mb,41,137,3.232,0.65,us,us6000r17g,2025-10-17T22:51:42.040Z,"220 km ESE of Severo-Kuril’sk, Russia",earthquake,8.46,1.912,0.095,32,reviewed,us,us
50.767,158.5127,2025-07-30T08:05:00.474Z,37.511,4.1,mb,31,126,2.261,1.21,us,us6000r14c,2025-10-17T22:51:42.040Z,"162 km ESE of Ozernovskiy, Russia",earthquake,8.99,7.957,0.114,21,reviewed,us,us
51.4181,159.6997,2025-07-30T07:58:21.418Z,10,5.3,mb,110,80,1.733,1.01,us,us6000qwdk,2025-10-17T22:51:42.040Z,"190 km SSE of Vilyuchinsk, Russia",earthquake,7.52,1.777,0.026,488,reviewed,us,us
49.8432,155.9557,2025-07-30T07:52:46.171Z,68.479,4.2,mb,45,132,3.446,1.14,us,us6000r147,2025-10-17T22:51:42.040Z,"93 km S of Severo-Kuril’sk, Russia",earthquake,10.52,6.508,0.1,32,reviewed,us,us
51.6197,160.3343,2025-07-30T07:48:53.782Z,10,4.8,mb,64,128,1.745,1.29,us,us6000qwdj,2025-10-17T22:51:42.040Z,"196 km SE of Vilyuchinsk, Russia",earthquake,8.87,1.898,0.067,73,reviewed,us,us
48.102,156.8116,2025-07-30T07:47:43.460Z,10,4.5,mb,17,149,5.044,0.7,us,us6000r177,2025-10-17T22:51:42.040Z,"290 km S of Severo-Kuril’sk, Russia",earthquake,8.93,1.892,0.144,16,reviewed,us,us
52.3793,160.8381,2025-07-30T07:46:48.966Z,10,4.5,mb,16,171,1.48,0.59,us,us6000r167,2025-10-17T22:51:42.040Z,"167 km ESE of Petropavlovsk-Kamchatsky, Russia",earthquake,12.19,1.954,0.191,10,reviewed,us,us
52.2962,160.7368,2025-07-30T07:45:04.227Z,10,5.1,mb,70,117,1.465,1.05,us,us6000qwdi,2025-10-17T22:51:42.040Z,"166 km ESE of Petropavlovsk-Kamchatsky, Russia",earthquake,5.75,1.743,0.046,150,reviewed,us,us
50.0134,156.7199,2025-07-30T07:42:26.443Z,35,4.7,mb,88,125,3.159,0.95,us,us6000qwdg,2025-10-17T22:51:42.040Z,"84 km SSE of Severo-Kuril’sk, Russia",earthquake,8.75,1.907,0.042,170,reviewed,us,us
51.4756,158.0179,2025-07-30T07:39:52.199Z,42.348,4.6,mb,37,109,1.598,0.66,us,us6000r146,2025-10-17T22:51:42.040Z,"105 km E of Ozernovskiy, Russia",earthquake,9.55,7.387,0.111,24,reviewed,us,us
48.8612,156.301,2025-07-30T07:34:42.923Z,10,5.6,mb,114,54,4.343,0.94,us,us6000qwd7,2025-10-17T22:51:42.040Z,"202 km S of Severo-Kuril’sk, Russia",earthquake,8.11,1.755,0.021,769,reviewed,us,us
51.0231,158.389,2025-07-30T07:34:07.854Z,35,4.7,mb,78,69,2.01,0.95,us,us6000r145,2025-10-17T22:51:42.040Z,"141 km ESE of Ozernovskiy, Russia",earthquake,8.13,1.852,0.032,345,reviewed,us,us
51.9723,160.5938,2025-07-30T07:33:09.509Z,10,4.5,mb,14,148,1.588,0.71,us,us6000r175,2025-10-17T22:51:42.040Z,"180 km SE of Petropavlovsk-Kamchatsky, Russia",earthquake,13.18,1.958,0.156,12,reviewed,us,us
52.0917,161.0989,2025-07-30T07:32:17.499Z,10,4.2,mb,14,122,1.762,1.16,us,us6000r162,2025-10-17T22:51:42.040Z,"199 km SE of Petropavlovsk-Kamchatsky, Russia",earthquake,6,1.913,0.263,4,reviewed,us,us
50.7248,158.2866,2025-07-30T07:28:39.225Z,35,4.3,mb,27,138,2.313,0.74,us,us6000r144,2025-10-17T22:51:42.040Z,"151 km SE of Ozernovskiy, Russia",earthquake,9.79,1.94,0.119,20,reviewed,us,us
44.5994,149.1718,2025-07-30T07:23:24.227Z,80.443,5.2,mb,111,120,4.742,0.78,us,us6000qwd6,2025-10-17T22:51:42.040Z,"123 km SE of Kuril’sk, Russia",earthquake,8.94,6.612,0.019,879,reviewed,us,us
51.3184,159.7347,2025-07-30T07:20:35.014Z,10,4.5,mb,13,137,1.834,0.98,us,us6000r1ds,2025-10-17T22:51:42.040Z,"201 km SSE of Vilyuchinsk, Russia",earthquake,10.96,1.878,0.191,8,reviewed,us,us
51.4111,159.6447,2025-07-30T07:17:48.594Z,10,4.9,mb,34,116,1.727,0.96,us,us6000r13u,2025-10-17T22:51:42.040Z,"189 km SSE of Vilyuchinsk, Russia",earthquake,8.92,1.879,0.086,45,reviewed,us,us
51.3993,158.7285,2025-07-30T07:15:29.719Z,18.834,5,mb,93,91,1.627,0.74,us,us6000qwd4,2025-10-17T22:51:42.040Z,"155 km E of Ozernovskiy, Russia",earthquake,8.29,3.891,0.025,527,reviewed,us,us
50.2564,157.1007,2025-07-30T07:13:46.515Z,39.866,4.3,mb,38,164,2.88,0.75,us,us6000r13t,2025-10-17T22:51:42.040Z,"83 km SE of Severo-Kuril’sk, Russia",earthquake,10.34,9.233,0.082,48,reviewed,us,us
50.5285,156.9016,2025-07-30T07:13:04.405Z,57.476,4.2,mb,20,135,2.631,0.71,us,us6000r13l,2025-10-17T22:51:42.040Z,"57 km ESE of Severo-Kuril’sk, Russia",earthquake,12.39,8.437,0.147,13,reviewed,us,us
51.7165,159.5101,2025-07-30T07:11:36.769Z,10,4.4,mb,53,126,1.411,0.76,us,us6000qwd3,2025-10-17T22:51:42.040Z,"154 km SSE of Vilyuchinsk, Russia",earthquake,8.8,1.896,0.087,41,reviewed,us,us
51.3084,159.7239,2025-07-30T07:08:47.585Z,10,4.4,mb,21,169,1.841,0.6,us,us6000r171,2025-10-17T22:51:42.040Z,"201 km SSE of Vilyuchinsk, Russia",earthquake,7.78,1.964,0.127,18,reviewed,us,us
52.147,160.3335,2025-07-30T07:02:52.695Z,29.386,4.5,mb,37,123,1.351,0.88,us,us6000r13k,2025-10-17T22:51:42.040Z,"154 km SE of Petropavlovsk-Kamchatsky, Russia",earthquake,11.03,6.362,0.098,31,reviewed,us,us
49.0097,156.1011,2025-07-30T07:00:37.896Z,30.299,4.5,mb,44,136,4.329,0.93,us,us6000r172,2025-10-17T22:51:42.040Z,"185 km S of Severo-Kuril’sk, Russia",earthquake,9.88,5.332,0.098,41,reviewed,us,us
51.331,160.1171,2025-07-30T07:00:16.553Z,10,4.6,mb,22,135,1.921,0.96,us,us6000r13j,2025-10-17T22:51:42.040Z,"213 km SSE of Vilyuchinsk, Russia",earthquake,11.88,1.921,0.133,17,reviewed,us,us
52.2029,160.3558,2025-07-30T06:57:34.905Z,10,5,mb,82,122,1.326,0.92,us,us6000qwcx,2025-10-17T22:51:42.040Z,"151 km SE of Petropavlovsk-Kamchatsky, Russia",earthquake,8.22,1.87,0.041,197,reviewed,us,us
49.0812,156.2578,2025-07-30T06:55:49.760Z,10,4.7,mb,91,131,4.133,0.97,us,us6000qwcw,2025-10-17T22:51:42.040Z,"177 km S of Severo-Kuril’sk, Russia",earthquake,9.58,1.88,0.06,98,reviewed,us,us
51.683,159.9053,2025-07-30T06:53:47.340Z,29.48,4.6,mb,35,127,1.548,0.7,us,us6000r13m,2025-10-17T22:51:42.040Z,"172 km SE of Vilyuchinsk, Russia",earthquake,10.21,5.771,0.085,47,reviewed,us,us
50.7164,159.6289,2025-07-30T06:52:45.226Z,10,4.6,mb,20,145,2.389,0.85,us,us6000r13d,2025-10-17T22:51:42.040Z,"235 km ESE of Ozernovskiy, Russia",earthquake,12.05,1.938,0.119,21,reviewed,us,us
51.7614,158.3786,2025-07-30T06:50:20.096Z,65.518,4.7,mb,112,108,1.275,0.49,us,us6000qwcs,2025-10-17T22:51:42.040Z,"130 km S of Vilyuchinsk, Russia",earthquake,8.11,6.573,0.028,384,reviewed,us,us
52.1431,160.1341,2025-07-30T06:49:05.811Z,10,4.2,mb,24,172,1.264,1.15,us,us6000r15n,2025-10-17T22:51:42.040Z,"144 km SE of Petropavlovsk-Kamchatsky, Russia",earthquake,7.86,1.934,0.128,23,reviewed,us,us
51.2507,158.9781,2025-07-30T06:41:58.926Z,35,4.4,mb,39,128,1.787,0.9,us,us6000r13f,2025-10-17T22:51:42.040Z,"174 km E of Ozernovskiy, Russia",earthquake,9.97,1.929,0.086,44,reviewed,us,us
52.4082,160.9779,2025-07-30T06:39:16.409Z,10,4.7,mb,16,138,1.544,0.75,us,us6000r13c,2025-10-17T22:51:42.040Z,"174 km ESE of Petropavlovsk-Kamchatsky, Russia",earthquake,13.12,1.936,0.159,12,reviewed,us,us
50.9755,157.8615,2025-07-30T06:37:40.590Z,35,5,mb,95,110,2.108,1.23,us,us6000qwch,2025-10-17T22:51:42.040Z,"111 km ESE of Ozernovskiy, Russia",earthquake,5.88,1.717,0.034,275,reviewed,us,us
52.0546,160.4213,2025-07-30T06:36:26.402Z,10,4.7,mb,38,122,1.453,1.2,us,us6000r15c,2025-10-17T22:51:42.040Z,"165 km SE of Petropavlovsk-Kamchatsky, Russia",earthquake,9.66,1.894,0.07,67,reviewed,us,us
50.9878,159.374,2025-07-30T06:33:32.430Z,10,4.7,mb,105,125,2.087,1.01,us,us6000qwcg,2025-10-17T22:51:42.040Z,"208 km ESE of Ozernovskiy, Russia",earthquake,8.21,1.884,0.054,104,reviewed,us,us
51.3402,158.9506,2025-07-30T06:32:02.919Z,34.768,4.4,mb,35,127,1.696,1.23,us,us6000r15d,2025-10-17T22:51:42.040Z,"171 km E of Ozernovskiy, Russia",earthquake,9.85,6.148,0.103,31,reviewed,us,us
52.7639,160.8662,2025-07-30T06:29:58.254Z,10,4.5,mb,15,158,1.368,0.58,us,us6000r1fs,2025-10-17T22:51:42.040Z,"154 km ESE of Petropavlovsk-Kamchatsky, Russia",earthquake,9.33,1.959,0.151,13,reviewed,us,us
51.0438,158.446,2025-07-30T06:27:50.765Z,43.261,4.8,mb,39,122,1.987,1.18,us,us6000r133,2025-10-17T22:51:42.040Z,"144 km ESE of Ozernovskiy, Russia",earthquake,9.81,7.508,0.093,46,reviewed,us,us
51.502,159.6566,2025-07-30T06:26:10.816Z,10,5.2,mb,89,93,1.645,1.23,us,us6000qwcc,2025-10-17T22:51:42.040Z,"180 km SSE of Vilyuchinsk, Russia",earthquake,5.45,1.856,0.04,205,reviewed,us,us
51.4757,159.519,2025-07-30T06:21:29.067Z,10,5.3,mb,116,77,1.64,0.85,us,us6000qwc7,2025-10-17T22:51:42.040Z,"178 km SSE of Vilyuchinsk, Russia",earthquake,7.06,1.842,0.022,682,reviewed,us,us
51.0843,158.2602,2025-07-30T06:20:44.821Z,35,4.3,mb,51,122,1.957,0.77,us,us6000r15k,2025-10-17T22:51:42.040Z,"130 km ESE of Ozernovskiy, Russia",earthquake,9.2,1.926,0.079,50,reviewed,us,us
52.3124,160.2713,2025-07-30T06:19:41.511Z,10,4.4,mb,72,113,1.217,0.8,us,us6000qwc8,2025-10-17T22:51:42.040Z,"139 km SE of Petropavlovsk-Kamchatsky, Russia",earthquake,9.09,1.874,0.052,106,reviewed,us,us
50.93,157.9778,2025-07-30T06:15:49.923Z,42.627,4.2,mb,28,129,2.137,0.59,us,us6000r1ee,2025-10-17T22:51:42.040Z,"120 km ESE of Ozernovskiy, Russia",earthquake,8.28,7.508,0.121,19,reviewed,us,us
52.334,160.3121,2025-07-30T06:13:00.658Z,13.422,4.7,mb,60,122,1.225,0.97,us,us6000qwca,2025-10-17T22:51:42.040Z,"139 km SE of Petropavlovsk-Kamchatsky, Russia",earthquake,9.99,5.119,0.061,82,reviewed,us,us
52.5061,160.862,2025-07-30T06:11:57.967Z,10,4.2,mb,38,145,1.441,1.23,us,us6000r1fx,2025-10-17T22:51:42.040Z,"163 km ESE of Petropavlovsk-Kamchatsky, Russia",earthquake,10.94,1.96,0.112,25,reviewed,us,us
52.2369,160.7992,2025-07-30T06:10:56.039Z,10,4.3,mb,34,122,1.529,0.98,us,us6000r16h,2025-10-17T22:51:42.040Z,"173 km ESE of Petropavlovsk-Kamchatsky, Russia",earthquake,9.82,1.907,0.081,48,reviewed,us,us
51.0846,158.9278,2025-07-30T06:08:16.550Z,35.26,4.2,mb,18,138,1.949,0.41,us,us6000r12v,2025-10-17T22:51:42.040Z,"175 km ESE of Ozernovskiy, Russia",earthquake,13.46,8.25,0.128,17,reviewed,us,us
51.2127,158.899,2025-07-30T06:06:21.393Z,32.829,4.3,mb,26,124,1.82,0.96,us,us6000r12u,2025-10-17T22:51:42.040Z,"169 km ESE of Ozernovskiy, Russia",earthquake,10.66,6.506,0.116,24,reviewed,us,us
51.2325,158.4987,2025-07-30T06:05:08.851Z,35,4.2,mb,22,125,1.796,1.12,us,us6000r134,2025-10-17T22:51:42.040Z,"142 km ESE of Ozernovskiy, Russia",earthquake,9.4,1.947,0.167,12,reviewed,us,us
50.121,157.216,2025-07-30T06:04:28.581Z,33.212,4.2,mb,39,132,3.007,0.47,us,us6000r12r,2025-10-17T22:51:42.040Z,"98 km SE of Severo-Kuril’sk, Russia",earthquake,12.47,6.606,0.096,30,reviewed,us,us
51.5614,159.0909,2025-07-30T06:02:08.448Z,35,4.1,mb,45,127,1.489,0.9,us,us6000r12x,2025-10-17T22:51:42.040Z,"159 km SSE of Vilyuchinsk, Russia",earthquake,10.33,1.936,0.086,39,reviewed,us,us
50.1684,158.5559,2025-07-30T06:00:47.770Z,10,4.4,mb,20,128,2.86,0.92,us,us6000r12w,2025-10-17T22:51:42.040Z,"181 km ESE of Severo-Kuril’sk, Russia",earthquake,8.4,1.87,0.121,22,reviewed,us,us
51.9802,160.2155,2025-07-30T05:58:27.353Z,10,4.5,mb,39,124,1.417,0.71,us,us6000r151,2025-10-17T22:51:42.040Z,"161 km SE of Petropavlovsk-Kamchatsky, Russia",earthquake,8.78,1.893,0.089,44,reviewed,us,us
52.2899,159.5543,2025-07-30T05:56:43.165Z,35,4.8,mb,82,120,0.918,0.88,us,us6000qwc4,2025-10-17T22:51:42.040Z,"105 km SE of Vilyuchinsk, Russia",earthquake,4.09,1.936,0.053,110,reviewed,us,us
51.4789,159.4455,2025-07-30T05:54:50.805Z,10,4.7,mb,41,122,1.622,0.59,us,us6000r12s,2025-10-17T22:51:42.040Z,"176 km SSE of Vilyuchinsk, Russia",earthquake,9.01,1.899,0.096,39,reviewed,us,us
51.5004,159.6915,2025-07-30T05:51:43.027Z,10,4.9,mb,78,127,1.654,0.83,us,us6000qwbt,2025-10-17T22:51:42.040Z,"181 km SSE of Vilyuchinsk, Russia",earthquake,8,1.86,0.046,146,reviewed,us,us
50.9945,159.2193,2025-07-30T05:49:16.725Z,10,4.5,mb,65,123,2.062,0.74,us,us6000qwbs,2025-10-17T22:51:42.040Z,"197 km ESE of Ozernovskiy, Russia",earthquake,8.67,1.89,0.058,88,reviewed,us,us
51.9883,160.3935,2025-07-30T05:48:54.955Z,10,4.3,mb,39,123,1.487,0.93,us,us6000r169,2025-10-17T22:51:42.040Z,"169 km SE of Petropavlovsk-Kamchatsky, Russia",earthquake,9.38,1.914,0.113,24,reviewed,us,us
52.877,160.775,2025-07-30T05:46:48.530Z,20.19,4.2,mb,23,171,1.294,1.25,us,us6000r12l,2025-10-17T22:51:42.040Z,"145 km E of Petropavlovsk-Kamchatsky, Russia",earthquake,12.54,6.997,0.137,17,reviewed,us,us
53.1638,160.0687,2025-07-30T05:44:33.656Z,43.696,4.2,mb,26,137,0.867,0.68,us,us6000r12m,2025-10-17T22:51:42.040Z,"97 km E of Petropavlovsk-Kamchatsky, Russia",earthquake,11.96,5.222,0.128,17,reviewed,us,us
52.3518,160.2752,2025-07-30T05:43:51.035Z,33.344,4.4,mb,26,117,1.196,0.8,us,us6000r16c,2025-10-17T22:51:42.040Z,"136 km SE of Petropavlovsk-Kamchatsky, Russia",earthquake,8.79,5.688,0.123,24,reviewed,us,us
51.9186,159.2403,2025-07-30T05:42:27.653Z,17.275,4.5,mb,41,125,1.164,1.12,us,us6000r16a,2025-10-17T22:51:42.040Z,"126 km SSE of Vilyuchinsk, Russia",earthquake,9.46,5.238,0.09,39,reviewed,us,us
51.8382,160.4373,2025-07-30T05:40:57.762Z,10,4.7,mb,26,148,1.615,0.76,us,us6000r12k,2025-10-17T22:51:42.040Z,"183 km SE of Petropavlovsk-Kamchatsky, Russia",earthquake,12.23,1.952,0.133,17,reviewed,us,us
50.4496,159.0006,2025-07-30T05:40:02.335Z,10,4.7,mb,47,133,2.587,0.89,us,us6000r1cj,2025-10-17T22:51:42.040Z,"205 km E of Severo-Kuril’sk, Russia",earthquake,10.27,1.916,0.089,38,reviewed,us,us
50.8559,158.9274,2025-07-30T05:38:32.237Z,10,4.7,mb,42,131,2.178,0.86,us,us6000r1cr,2025-10-17T22:51:42.040Z,"184 km ESE of Ozernovskiy, Russia",earthquake,10.05,1.275,0.096,33,reviewed,us,us
51.291,158.7914,2025-07-30T05:37:11.686Z,35.987,5.3,mb,109,73,1.737,0.76,us,us6000qwbm,2025-10-17T22:51:42.040Z,"161 km E of Ozernovskiy, Russia",earthquake,7.23,5.474,0.022,659,reviewed,us,us
52.5815,160.8164,2025-07-30T05:32:47.126Z,10,4.6,mb,18,121,1.388,0.61,us,us6000r14q,2025-10-17T22:51:42.040Z,"157 km ESE of Petropavlovsk-Kamchatsky, Russia",earthquake,8.48,1.82,0.207,12,reviewed,us,us
51.376,159.6812,2025-07-30T05:30:21.775Z,10,5.4,mb,90,87,1.768,1.16,us,us6000qwbi,2025-10-17T22:51:42.040Z,"193 km SSE of Vilyuchinsk, Russia",earthquake,7.27,1.832,0.037,249,reviewed,us,us
51.1875,159.7868,2025-07-30T05:29:29.239Z,10,4.4,mb,27,125,1.968,1.38,us,us6000r12e,2025-10-17T22:51:42.040Z,"215 km SSE of Vilyuchinsk, Russia",earthquake,8.84,1.94,0.13,19,reviewed,us,us
52.4476,160.8111,2025-07-30T05:28:55.784Z,10,4.4,mb,26,117,1.435,1.2,us,us6000r164,2025-10-17T22:51:42.040Z,"162 km ESE of Petropavlovsk-Kamchatsky, Russia",earthquake,4.95,1.902,0.143,19,reviewed,us,us
51.2367,159.6402,2025-07-30T05:23:30.721Z,10,4.6,mb,25,124,1.891,0.45,us,us6000r14r,2025-10-17T22:51:42.040Z,"206 km SSE of Vilyuchinsk, Russia",earthquake,9.11,1.925,0.192,13,reviewed,us,us
51.5352,159.8356,2025-07-30T05:22:56.107Z,10,4.6,mb,20,121,1.659,0.61,us,us6000r1ch,2025-10-17T22:51:42.040Z,"183 km SSE of Vilyuchinsk, Russia",earthquake,6.42,1.932,0.158,12,reviewed,us,us
51.5628,158.7086,2025-07-30T05:20:36.076Z,35,4.8,mb,40,123,1.463,1.27,us,us6000r163,2025-10-17T22:51:42.040Z,"153 km E of Ozernovskiy, Russia",earthquake,9.46,1.932,0.114,38,reviewed,us,us
51.4188,158.7366,2025-07-30T05:19:31.235Z,10,5.4,mb,109,60,1.608,0.8,us,us6000qwbb,2025-10-17T22:51:42.040Z,"155 km E of Ozernovskiy, Russia",earthquake,7.66,1.736,0.02,814,reviewed,us,us
50.8384,158.7659,2025-07-30T05:19:13.567Z,10,4.5,mb,63,127,2.367,0.82,us,us6000r15x,2025-10-17T22:51:42.040Z,"174 km ESE of Ozernovskiy, Russia",earthquake,8.79,1.902,0.068,68,reviewed,us,us
52.5009,160.346,2025-07-30T05:17:54.139Z,35,5.2,mb,84,96,1.156,1.25,us,us6000qwbd,2025-10-17T22:51:42.040Z,"131 km ESE of Petropavlovsk-Kamchatsky, Russia",earthquake,8.68,1.86,0.033,294,reviewed,us,us
51.814,159.5999,2025-07-30T05:14:52.445Z,10,4.5,mb,27,126,1.344,1.13,us,us6000r129,2025-10-17T22:51:42.040Z,"148 km SSE of Vilyuchinsk, Russia",earthquake,9.38,1.72,0.14,20,reviewed,us,us
51.0576,159.9783,2025-07-30T05:12:01.821Z,10,5,mb,54,126,2.133,1.15,us,us6000r12b,2025-10-17T22:51:42.040Z,"234 km SSE of Vilyuchinsk, Russia",earthquake,9.81,1.912,0.063,96,reviewed,us,us
50.2127,157.3502,2025-07-30T05:11:50.314Z,45.368,4.6,mb,22,132,2.908,1.11,us,us6000r127,2025-10-17T22:51:42.040Z,"100 km ESE of Severo-Kuril’sk, Russia",earthquake,11.53,7.894,0.129,25,reviewed,us,us
50.0903,157.3962,2025-07-30T05:09:02.899Z,10,5.3,mb,141,71,3.028,1.04,us,us6000qwb7,2025-10-17T22:51:42.040Z,"111 km SE of Severo-Kuril’sk, Russia",earthquake,7.8,1.736,0.023,632,reviewed,us,us
50.7225,157.9712,2025-07-30T05:07:44.963Z,35,4.8,mb,52,135,2.342,0.72,us,us6000r128,2025-10-17T22:51:42.040Z,"130 km E of Severo-Kuril’sk, Russia",earthquake,10.32,1.936,0.094,35,reviewed,us,us
51.3683,159.3155,2025-07-30T05:06:38.293Z,35,4.9,mb,16,197,1.708,0.34,us,us6000r1ck,2025-10-17T22:51:42.040Z,"184 km SSE of Vilyuchinsk, Russia",earthquake,11.92,1.992,0.155,13,reviewed,us,us
50.7377,157.8617,2025-07-30T05:05:15.426Z,61.759,5.6,mb,119,119,2.341,0.68,us,us6000qwb4,2025-10-17T22:51:42.040Z,"122 km E of Severo-Kuril’sk, Russia",earthquake,10.43,6.556,0.019,1004,reviewed,us,us
51.2578,159.6254,2025-07-30T05:04:22.243Z,10,4.5,mb,44,124,1.868,1.11,us,us6000r12d,2025-10-17T22:51:42.040Z,"204 km SSE of Vilyuchinsk, Russia",earthquake,7.14,1.891,0.116,26,reviewed,us,us
51.8831,160.1375,2025-07-30T04:59:33.818Z,10,5,mb,95,122,1.461,0.97,us,us6000qwb5,2025-10-17T22:51:42.040Z,"165 km SE of Vilyuchinsk, Russia",earthquake,8.48,1.872,0.043,173,reviewed,us,us
51.098,158.941,2025-07-30T04:56:41.983Z,34.661,4.8,mb,32,125,1.937,1.16,us,us6000r1dl,2025-10-17T22:51:42.040Z,"175 km ESE of Ozernovskiy, Russia",earthquake,8.94,3.802,0.114,24,reviewed,us,us
51.4833,159.9705,2025-07-30T04:54:18.544Z,10,5.3,mb,141,98,1.743,1.06,us,us6000qwaz,2025-10-17T22:51:42.040Z,"193 km SSE of Vilyuchinsk, Russia",earthquake,4.55,1.805,0.028,440,reviewed,us,us
52.6102,160.8792,2025-07-30T04:53:41.773Z,35,4.6,mb,37,116,1.415,0.73,us,us6000r15r,2025-10-17T22:51:42.040Z,"159 km ESE of Petropavlovsk-Kamchatsky, Russia",earthquake,9.36,1.929,0.099,30,reviewed,us,us
50.6179,158.0622,2025-07-30T04:52:27.576Z,30.811,4.4,mb,38,130,2.436,0.83,us,us6000r15p,2025-10-17T22:51:42.040Z,"137 km E of Severo-Kuril’sk, Russia",earthquake,11.47,6.255,0.095,32,reviewed,us,us
52.1584,160.4659,2025-07-30T04:51:27.341Z,10,4.5,mb,33,120,1.406,1.32,us,us6000r122,2025-10-17T22:51:42.040Z,"160 km SE of Petropavlovsk-Kamchatsky, Russia",earthquake,5.42,1.904,0.102,28,reviewed,us,us
51.1203,158.2101,2025-07-30T04:49:51.721Z,46.91,4.9,mb,40,122,1.925,0.89,us,us6000r12a,2025-10-17T22:51:42.040Z,"126 km ESE of Ozernovskiy, Russia",earthquake,9.98,7.196,0.055,104,reviewed,us,us
51.631,159.1432,2025-07-30T04:48:13.526Z,35,5,mb,76,100,1.427,1.31,us,us6000qwas,2025-10-17T22:51:42.040Z,"153 km SSE of Vilyuchinsk, Russia",earthquake,8.95,1.754,0.024,539,reviewed,us,us
49.3466,156.9729,2025-07-30T04:46:31.473Z,10,4.4,mb,34,104,3.794,0.58,us,us6000r1d4,2025-10-17T22:51:42.040Z,"159 km SSE of Severo-Kuril’sk, Russia",earthquake,8.94,1.846,0.108,25,reviewed,us,us
52.4316,160.2105,2025-07-30T04:43:20.890Z,34.265,4.5,mb,35,121,1.119,1.32,us,us6000r15s,2025-10-17T22:51:42.040Z,"127 km SE of Petropavlovsk-Kamchatsky, Russia",earthquake,4.61,6.117,0.096,32,reviewed,us,us
50.284,158.3323,2025-07-30T04:42:38.487Z,10,4.8,mb,132,95,2.75,0.75,us,us6000qwap,2025-10-17T22:51:42.040Z,"162 km ESE of Severo-Kuril’sk, Russia",earthquake,8.72,1.852,0.05,123,reviewed,us,us
49.2759,158.6892,2025-07-30T04:41:59.731Z,10,4.4,mb,44,130,3.753,0.66,us,us6000r15q,2025-10-17T22:51:42.040Z,"240 km SE of Severo-Kuril’sk, Russia",earthquake,10.1,1.915,0.095,32,reviewed,us,us
50.9796,158.2957,2025-07-30T04:40:14.366Z,35,4.4,mb,28,122,2.059,1.09,us,us6000r1eh,2025-10-17T22:51:42.040Z,"137 km ESE of Ozernovskiy, Russia",earthquake,10.99,1.952,0.112,23,reviewed,us,us
52.2784,159.7298,2025-07-30T04:39:29.569Z,35,4.5,mb,71,121,0.995,0.95,us,us6000qwaq,2025-10-17T22:51:42.040Z,"114 km SE of Petropavlovsk-Kamchatsky, Russia",earthquake,7.57,1.922,0.066,68,reviewed,us,us
51.137,159.8127,2025-07-30T04:35:33.283Z,10,4.7,mb,34,129,2.021,1.09,us,us6000qwan,2025-10-17T22:51:42.040Z,"221 km SSE of Vilyuchinsk, Russia",earthquake,8.03,1.653,0.104,28,reviewed,us,us
52.2352,160.3469,2025-07-30T04:32:57.795Z,35,4.5,mb,41,120,1.301,1.01,us,us6000r15f,2025-10-17T22:51:42.040Z,"148 km SE of Petropavlovsk-Kamchatsky, Russia",earthquake,9.55,1.937,0.091,35,reviewed,us,us
50.9761,158.9383,2025-07-30T04:32:06.866Z,10,4.4,mb,26,125,2.058,0.95,us,us6000r1e8,2025-10-17T22:51:42.040Z,"179 km ESE of Ozernovskiy, Russia",earthquake,9.13,1.905,0.134,16,reviewed,us,us
51.4587,161.2101,2025-07-30T04:31:34.054Z,10,4.7,mb,25,123,2.221,0.62,us,us6000r1e6,2025-10-17T22:51:42.040Z,"250 km SE of Petropavlovsk-Kamchatsky, Russia",earthquake,7.54,1.761,0.123,20,reviewed,us,us
50.1538,157.9433,2025-07-30T04:29:45.318Z,10,5.2,mb,122,125,2.907,0.72,us,us6000qwd8,2025-10-17T22:51:42.040Z,"141 km ESE of Severo-Kuril’sk, Russia",earthquake,8.3,1.878,0.055,111,reviewed,us,us
51.0086,158.7706,2025-07-30T04:27:15.157Z,37.597,5,mb,35,122,2.019,0.7,us,us6000r1e5,2025-10-17T22:51:42.040Z,"167 km ESE of Ozernovskiy, Russia",earthquake,9.13,7.855,0.105,29,reviewed,us,us
49.3297,156.5319,2025-07-30T04:25:14.790Z,35,5.6,mb,168,74,3.854,0.9,us,us6000qwah,2025-10-17T22:51:42.040Z,"152 km S of Severo-Kuril’sk, Russia",earthquake,8.11,1.832,0.019,977,reviewed,us,us
51.6515,159.3701,2025-07-30T04:24:22.922Z,10,4.9,mb,119,115,1.443,0.8,us,us6000qwat,2025-10-17T22:51:42.040Z,"156 km SSE of Vilyuchinsk, Russia",earthquake,6.21,1.847,0.039,206,reviewed,us,us
51.5999,158.1903,2025-07-30T04:22:22.872Z,38.568,4.9,mb,65,120,1.453,0.59,us,us6000qwak,2025-10-17T22:51:42.040Z,"117 km E of Ozernovskiy, Russia",earthquake,9.27,6.03,0.031,325,reviewed,us,us
50.1601,157.2531,2025-07-30T04:21:02.449Z,35,4.7,mb,140,132,2.965,0.73,us,us6000qwaj,2025-10-17T22:51:42.040Z,"98 km SE of Severo-Kuril’sk, Russia",earthquake,5.98,1.704,0.049,124,reviewed,us,us
51.5145,160.0144,2025-07-30T04:17:47.556Z,10,4.6,mb,32,124,1.728,1.15,us,us6000r1d6,2025-10-17T22:51:42.040Z,"192 km SE of Vilyuchinsk, Russia",earthquake,7.83,1.882,0.096,32,reviewed,us,us
50.2153,158.0272,2025-07-30T04:16:45.383Z,10,5.1,mb,77,125,2.839,0.92,us,us6000qwai,2025-10-17T22:51:42.040Z,"144 km ESE of Severo-Kuril’sk, Russia",earthquake,9.43,1.877,0.033,288,reviewed,us,us
52.2192,159.9407,2025-07-30T04:15:39.741Z,35,4.6,mb,84,118,1.126,1.14,us,us6000qwa7,2025-10-17T22:51:42.040Z,"129 km SE of Petropavlovsk-Kamchatsky, Russia",earthquake,9.81,1.95,0.058,88,reviewed,us,us
51.3058,158.4395,2025-07-30T04:13:43.634Z,45.709,4.5,mb,36,125,1.725,0.99,us,us6000r15j,2025-10-17T22:51:42.040Z,"136 km E of Ozernovskiy, Russia",earthquake,10.93,6.775,0.1,29,reviewed,us,us
51.0239,158.8265,2025-07-30T04:11:58.177Z,35,4.9,mb,103,122,2.006,0.74,us,us6000qwa6,2025-10-17T22:51:42.040Z,"170 km ESE of Ozernovskiy, Russia",earthquake,8.16,1.904,0.034,266,reviewed,us,us
51.3528,157.5778,2025-07-30T04:10:01.463Z,69.897,4.5,mb,30,126,1.76,1.15,us,us6000r11u,2025-10-17T22:51:42.040Z,"76 km ESE of Ozernovskiy, Russia",earthquake,12,8.292,0.113,23,reviewed,us,us
51.098,158.1973,2025-07-30T04:09:37.950Z,45.839,4.4,mb,36,125,1.948,0.58,us,us6000r1ej,2025-10-17T22:51:42.040Z,"126 km ESE of Ozernovskiy, Russia",earthquake,8.74,8.031,0.11,24,reviewed,us,us
52.3232,158.5801,2025-07-30T04:08:55.895Z,89.371,4.6,mb,36,122,0.703,1.3,us,us6000r11v,2025-10-17T22:51:42.040Z,"68 km S of Vilyuchinsk, Russia",earthquake,11.01,7.364,0.099,30,reviewed,us,us
53.4072,159.1192,2025-07-30T04:07:33.651Z,98.093,4.6,mb,34,112,0.477,0.84,us,us6000r1dz,2025-10-17T22:51:42.040Z,"50 km NE of Petropavlovsk-Kamchatsky, Russia",earthquake,12.3,8.45,0.109,25,reviewed,us,us
51.6771,161.082,2025-07-30T04:06:29.064Z,10,4.8,mb,34,123,2.011,1.26,us,us6000r1e1,2025-10-17T22:51:42.040Z,"227 km SE of Petropavlovsk-Kamchatsky, Russia",earthquake,10.42,1.915,0.103,29,reviewed,us,us
51.4551,159.0953,2025-07-30T04:05:58.735Z,35.865,4.7,mb,34,124,1.594,1.04,us,us6000r157,2025-10-17T22:51:42.040Z,"170 km SSE of Vilyuchinsk, Russia",earthquake,10.08,7.847,0.102,29,reviewed,us,us
52.497,160.7237,2025-07-30T04:03:44.884Z,10,5.4,mb,144,108,1.366,0.93,us,us6000qw9z,2025-10-17T22:51:42.040Z,"154 km ESE of Petropavlovsk-Kamchatsky, Russia",earthquake,7.98,1.832,0.024,611,reviewed,us,us
51.1853,160.0947,2025-07-30T04:01:07.262Z,10,4.2,mb,15,236,2.045,0.99,us,us6000r1e0,2025-10-17T22:51:42.040Z,"226 km SSE of Vilyuchinsk, Russia",earthquake,11.56,1.993,0.159,11,reviewed,us,us
51.3628,156.931,2025-07-30T04:00:16.411Z,10,4.5,mb,27,125,1.811,1.35,us,us6000r11x,2025-10-17T22:51:42.040Z,"33 km ESE of Ozernovskiy, Russia",earthquake,8.87,1.865,0.124,19,reviewed,us,us
50.2924,158.1625,2025-07-30T03:57:14.025Z,10,5.1,mb,112,78,2.752,1.17,us,us6000qw9v,2025-10-17T22:51:42.040Z,"150 km ESE of Severo-Kuril’sk, Russia",earthquake,8.51,1.843,0.023,630,reviewed,us,us
49.97,157.0665,2025-07-30T03:55:03.549Z,35,4.4,mb,38,136,3.167,0.58,us,us6000r154,2025-10-17T22:51:42.040Z,"103 km SE of Severo-Kuril’sk, Russia",earthquake,6.37,1.942,0.102,28,reviewed,us,us
50.4294,158.3403,2025-07-30T03:53:13.519Z,10,4.6,mb,90,132,2.605,0.6,us,us6000qw9w,2025-10-17T22:51:42.040Z,"159 km E of Severo-Kuril’sk, Russia",earthquake,9.85,1.893,0.059,85,reviewed,us,us
52.1293,160.4161,2025-07-30T03:49:17.386Z,10,4.5,mb,41,124,1.401,0.63,us,us6000r11p,2025-10-17T22:51:42.040Z,"159 km SE of Petropavlovsk-Kamchatsky, Russia",earthquake,6.21,1.73,0.115,22,reviewed,us,us
51.7872,159.3719,2025-07-30T03:46:51.786Z,35,4.2,mb,34,125,1.315,0.54,us,us6000r139,2025-10-17T22:51:42.040Z,"143 km SSE of Vilyuchinsk, Russia",earthquake,8.89,1.944,0.108,24,reviewed,us,us
50.4798,157.7594,2025-07-30T03:45:56.276Z,45.219,4.5,mb,40,131,2.607,0.49,us,us6000r1hd,2025-10-17T22:51:42.040Z,"117 km ESE of Severo-Kuril’sk, Russia",earthquake,4.17,8.206,0.094,33,reviewed,us,us
49.1808,156.0573,2025-07-30T03:43:34.042Z,35,4.8,mb,125,135,4.066,0.54,us,us6000qw9l,2025-10-17T22:51:42.040Z,"166 km S of Severo-Kuril’sk, Russia",earthquake,9.23,1.914,0.052,114,reviewed,us,us
51.5665,160.271,2025-07-30T03:43:14.850Z,10,4.5,mb,29,167,1.766,0.64,us,us6000r1de,2025-10-17T22:51:42.040Z,"198 km SE of Vilyuchinsk, Russia",earthquake,8.73,1.938,0.107,26,reviewed,us,us
51.2532,159.238,2025-07-30T03:42:38.977Z,28.854,4.5,mb,34,124,1.81,0.97,us,us6000r156,2025-10-17T22:51:42.040Z,"192 km E of Ozernovskiy, Russia",earthquake,9.25,6.153,0.113,23,reviewed,us,us
50.5943,157.6929,2025-07-30T03:41:42.176Z,35.122,4.3,mb,35,126,2.504,1.07,us,us6000r11r,2025-10-17T22:51:42.040Z,"111 km E of Severo-Kuril’sk, Russia",earthquake,10.14,7.962,0.099,29,reviewed,us,us
52.3254,160.39,2025-07-30T03:40:35.366Z,10,4.4,mb,26,119,1.269,1.19,us,us6000r11w,2025-10-17T22:51:42.040Z,"144 km SE of Petropavlovsk-Kamchatsky, Russia",earthquake,7.64,1.856,0.117,21,reviewed,us,us
51.6417,159.5294,2025-07-30T03:38:18.170Z,35,4.8,mb,36,123,1.485,1.23,us,us6000r11l,2025-10-17T22:51:42.040Z,"162 km SSE of Vilyuchinsk, Russia",earthquake,8.35,1.915,0.092,36,reviewed,us,us
50.1652,158.1262,2025-07-30T03:37:30.222Z,10,4.7,mb,35,133,2.881,0.54,us,us6000r14t,2025-10-17T22:51:42.040Z,"152 km ESE of Severo-Kuril’sk, Russia",earthquake,11.01,1.902,0.108,26,reviewed,us,us
52.3296,159.8039,2025-07-30T03:36:56.880Z,56.52,4.6,mb,31,122,0.988,0.75,us,us6000r1gq,2025-10-17T22:51:42.040Z,"114 km SE of Petropavlovsk-Kamchatsky, Russia",earthquake,7.94,7.911,0.107,26,reviewed,us,us
51.883,160.538,2025-07-30T03:34:59.681Z,10,4.9,mb,99,122,1.625,0.87,us,us6000qw9g,2025-10-17T22:51:42.040Z,"184 km SE of Petropavlovsk-Kamchatsky, Russia",earthquake,8.88,1.874,0.049,129,reviewed,us,us
51.5043,159.8164,2025-07-30T03:31:50.859Z,10,4.9,mb,124,151,1.682,1.02,us,us6000qw9j,2025-10-17T22:51:42.040Z,"185 km SSE of Vilyuchinsk, Russia",earthquake,8.17,1.911,0.055,103,reviewed,us,us
52.7107,159.5146,2025-07-30T03:30:44.786Z,63.772,4.6,mb,36,117,0.611,1.36,us,us6000r1gp,2025-10-17T22:51:42.040Z,"71 km ESE of Petropavlovsk-Kamchatsky, Russia",earthquake,10.13,7.03,0.103,28,reviewed,us,us
50.9447,158.2915,2025-07-30T03:27:34.800Z,69.424,5.1,mb,51,137,2.094,0.7,us,us6000r11n,2025-10-17T22:51:42.040Z,"139 km ESE of Ozernovskiy, Russia",earthquake,11.62,7.519,0.083,47,reviewed,us,us
51.8385,159.1797,2025-07-30T03:25:54.468Z,35,5.5,mb,123,94,1.23,0.87,us,us6000qw94,2025-10-17T22:51:42.040Z,"132 km SSE of Vilyuchinsk, Russia",earthquake,7.56,1.833,0.021,774,reviewed,us,us
52.2197,160.2154,2025-07-30T03:25:41.612Z,46.188,4.5,mb,41,123,1.248,1.2,us,us6000r1d2,2025-10-17T22:51:42.040Z,"142 km SE of Petropavlovsk-Kamchatsky, Russia",earthquake,10.33,6.422,0.09,36,reviewed,us,us
51.8831,159.094,2025-07-30T03:24:07.511Z,66.013,4.7,mb,44,119,1.174,0.68,us,us6000r1gh,2025-10-17T22:51:42.040Z,"125 km SSE of Vilyuchinsk, Russia",earthquake,9.99,7.488,0.092,36,reviewed,us,us
52.4679,158.9129,2025-07-30T03:23:43.237Z,68.956,4.7,mb,48,120,0.579,0.94,us,us6000r1gj,2025-10-17T22:51:42.040Z,"61 km SSE of Vilyuchinsk, Russia",earthquake,9.11,6.905,0.087,40,reviewed,us,us
50.8553,159.0797,2025-07-30T03:22:52.288Z,35,5,mb,47,130,2.188,0.69,us,us6000qwdd,2025-10-17T22:51:42.040Z,"193 km ESE of Ozernovskiy, Russia",earthquake,10.18,1.928,0.085,44,reviewed,us,us
49.6826,157.3207,2025-07-30T03:19:25.126Z,10,5.4,mb,128,79,3.439,0.89,us,us6000qw8v,2025-10-17T22:51:42.040Z,"139 km SE of Severo-Kuril’sk, Russia",earthquake,8.03,1.832,0.022,705,reviewed,us,us
52.7151,160.8644,2025-07-30T03:16:28.679Z,10,5.3,mb,113,160,1.377,0.73,us,us6000qw92,2025-10-17T22:51:42.040Z,"155 km ESE of Petropavlovsk-Kamchatsky, Russia",earthquake,11.32,1.928,0.056,105,reviewed,us,us
52.8756,160.8815,2025-07-30T03:13:56.616Z,24.949,5.5,mb,61,107,8.015,0.79,us,us6000r1gk,2025-10-17T22:51:42.040Z,"152 km E of Petropavlovsk-Kamchatsky, Russia",earthquake,10.25,5.103,0.066,80,reviewed,us,us
51.7321,159.309,2025-07-30T03:13:25.319Z,35,5.5,mb,146,111,1.355,0.75,us,us6000qw8r,2025-10-17T22:51:42.040Z,"146 km SSE of Vilyuchinsk, Russia",earthquake,7.24,1.887,0.021,770,reviewed,us,us
51.1902,159.4949,2025-07-30T03:12:25.785Z,10,5.2,mb,31,125,1.909,0.56,us,us6000r11i,2025-10-17T22:51:42.040Z,"207 km SSE of Vilyuchinsk, Russia",earthquake,8.45,1.89,0.089,41,reviewed,us,us
52.8384,160.9578,2025-07-30T03:11:22.761Z,27.95,5.3,mb,99,132,1.409,0.88,us,us6000qw8p,2025-10-17T22:51:42.040Z,"158 km E of Petropavlovsk-Kamchatsky, Russia",earthquake,11.45,5.834,0.032,322,reviewed,us,us
52.5349,160.6137,2025-07-30T03:10:34.085Z,10,4.4,mb,32,122,1.289,0.31,us,us6000r136,2025-10-17T22:51:42.040Z,"146 km ESE of Petropavlovsk-Kamchatsky, Russia",earthquake,7.83,1.896,0.12,20,reviewed,us,us
53.0811,159.5427,2025-07-30T03:07:55.572Z,35,4.9,mb,97,115,0.542,0.76,us,us6000qw8k,2025-10-17T22:51:42.040Z,"61 km E of Petropavlovsk-Kamchatsky, Russia",earthquake,8.37,1.914,0.042,181,reviewed,us,us
50.9809,158.1246,2025-07-30T03:06:39.523Z,35,4.3,mb,37,122,2.071,0.81,us,us6000r1hf,2025-10-17T22:51:42.040Z,"127 km ESE of Ozernovskiy, Russia",earthquake,10.77,1.942,0.096,31,reviewed,us,us
50.8059,158.8419,2025-07-30T03:06:01.925Z,19.732,4.3,mb,39,130,2.224,1.1,us,us6000r11j,2025-10-17T22:51:42.040Z,"180 km ESE of Ozernovskiy, Russia",earthquake,10.12,5.294,0.095,31,reviewed,us,us
51.5092,159.4718,2025-07-30T03:02:45.524Z,10,4.4,mb,29,123,1.598,1.01,us,us6000r1gz,2025-10-17T22:51:42.040Z,"174 km SSE of Vilyuchinsk, Russia",earthquake,9.4,1.908,0.115,22,reviewed,us,us
50.398,158.0693,2025-07-30T03:01:22.439Z,21.941,4.6,mb,41,126,2.654,0.77,us,us6000r11h,2025-10-17T22:51:42.040Z,"141 km ESE of Severo-Kuril’sk, Russia",earthquake,10.21,6.051,0.087,39,reviewed,us,us
51.6973,159.5179,2025-07-30T02:59:32.680Z,35,4.9,mb,117,123,1.431,0.99,us,us6000qw8j,2025-10-17T22:51:42.040Z,"156 km SSE of Vilyuchinsk, Russia",earthquake,8.77,1.908,0.054,107,reviewed,us,us
52.3296,160.2624,2025-07-30T02:56:05.014Z,35,4.4,mb,42,122,1.743,0.69,us,us6000r14e,2025-10-17T22:51:42.040Z,"137 km SE of Petropavlovsk-Kamchatsky, Russia",earthquake,8.93,1.914,0.101,28,reviewed,us,us
52.2064,161.3435,2025-07-30T02:53:15.542Z,10,5.1,mb,116,106,1.835,0.84,us,us6000qw8h,2025-10-17T22:51:42.040Z,"207 km ESE of Petropavlovsk-Kamchatsky, Russia",earthquake,7.77,1.855,0.027,454,reviewed,us,us
51.6283,158.9044,2025-07-30T02:50:27.863Z,35,4.2,mb,32,123,1.406,0.77,us,us6000r11g,2025-10-17T22:51:42.040Z,"148 km SSE of Vilyuchinsk, Russia",earthquake,8.68,1.947,0.118,20,reviewed,us,us
51.6136,158.4984,2025-07-30T02:48:25.365Z,73.349,4.6,mb,97,108,1.415,0.7,us,us6000qw8w,2025-10-17T22:51:42.040Z,"139 km E of Ozernovskiy, Russia",earthquake,8.91,6.64,0.058,90,reviewed,us,us
49.9492,157.2242,2025-07-30T02:45:56.567Z,28.646,4.5,mb,37,133,3.177,1.03,us,us6000r1f6,2025-10-17T22:51:42.040Z,"112 km SE of Severo-Kuril’sk, Russia",earthquake,10.6,4.622,0.1,29,reviewed,us,us
51.7982,157.6924,2025-07-30T02:45:08.586Z,10,4.5,mb,18,200,1.312,0.53,us,us6000r14g,2025-10-17T22:51:42.040Z,"89 km ENE of Ozernovskiy, Russia",earthquake,9.07,1.959,0.14,15,reviewed,us,us
51.3919,157.5509,2025-07-30T02:44:13.878Z,61.529,4.6,mb,34,120,1.721,0.67,us,us6000r1e4,2025-10-17T22:51:42.040Z,"73 km E of Ozernovskiy, Russia",earthquake,10.26,8.292,0.105,27,reviewed,us,us
49.2196,157.1683,2025-07-30T02:42:46.549Z,10,5.2,mb,115,136,3.908,0.68,us,us6000qw8c,2025-10-17T22:51:42.040Z,"178 km SSE of Severo-Kuril’sk, Russia",earthquake,8.93,1.875,0.053,117,reviewed,us,us
49.4212,156.6202,2025-07-30T02:41:47.729Z,10,4.7,mb,66,122,3.754,1.15,us,us6000qwde,2025-10-17T22:51:42.040Z,"143 km SSE of Severo-Kuril’sk, Russia",earthquake,7.59,1.806,0.074,55,reviewed,us,us
51.0898,159.345,2025-07-30T02:39:57.355Z,10,4.9,mb,40,201,1.984,1.33,us,us6000qw8n,2025-10-17T22:51:42.040Z,"203 km ESE of Ozernovskiy, Russia",earthquake,10.68,1.95,0.091,38,reviewed,us,us
51.8194,159.5352,2025-07-30T02:39:40.376Z,35,4.8,mb,27,122,1.322,0.97,us,us6000r1cv,2025-10-17T22:51:42.040Z,"145 km SSE of Vilyuchinsk, Russia",earthquake,5.34,1.926,0.127,19,reviewed,us,us
52.2343,159.6189,2025-07-30T02:38:20.681Z,35.374,4.9,mb,25,135,0.987,1.08,us,us6000r13z,2025-10-17T22:51:42.040Z,"113 km SE of Vilyuchinsk, Russia",earthquake,12.6,8.244,0.132,18,reviewed,us,us
49.8435,157.9922,2025-07-30T02:35:36.534Z,10,4.8,mb,29,128,3.211,1.15,us,us6000r1e7,2025-10-17T22:51:42.040Z,"162 km SE of Severo-Kuril’sk, Russia",earthquake,10.4,1.906,0.122,21,reviewed,us,us
51.1059,159.6807,2025-07-30T02:34:24.193Z,10,4.9,mb,34,170,2.023,0.76,us,us6000r1d8,2025-10-17T22:51:42.040Z,"221 km SSE of Vilyuchinsk, Russia",earthquake,11.95,1.955,0.104,29,reviewed,us,us
49.8278,157.4403,2025-07-30T02:32:56.522Z,10,5.3,mb,49,126,3.288,1.11,us,us6000r148,2025-10-17T22:51:42.040Z,"132 km SE of Severo-Kuril’sk, Russia",earthquake,9.51,1.864,0.09,41,reviewed,us,us
50.6541,157.4441,2025-07-30T02:30:40.490Z,37.52,5.9,mb,148,74,2.461,0.81,us,us6000qw87,2025-10-17T02:34:40.040Z,"93 km E of Severo-Kuril’sk, Russia",earthquake,9.39,6.464,0.021,861,reviewed,us,us
52.1778,157.7694,2025-07-30T02:30:05.637Z,96.387,4.6,mb,18,154,0.933,1.37,us,us6000r1ea,2025-10-17T02:34:39.040Z,"93 km SSW of Paratunka, Russia",earthquake,11.1,9.086,0.136,16,reviewed,us,us
52.1134,162.0791,2025-07-30T02:27:30.416Z,10,5.7,mb,107,106,2.283,0.55,us,us6000qw86,2025-10-17T02:34:38.040Z,"256 km ESE of Petropavlovsk-Kamchatsky, Russia",earthquake,7.94,1.758,0.021,835,reviewed,us,us
52.0961,159.2382,2025-07-30T02:25:08.939Z,35,5,mb,118,95,0.996,0.91,us,us6000qw83,2025-10-17T02:34:37.040Z,"108 km SSE of Vilyuchinsk, Russia",earthquake,8.57,1.841,0.033,302,reviewed,us,us
51.4984,159.2461,2025-07-30T02:24:45.483Z,35,5.2,mb,55,124,1.571,0.7,us,us6000r149,2025-10-17T02:34:36.040Z,"169 km SSE of Vilyuchinsk, Russia",earthquake,9.49,1.935,0.086,45,reviewed,us,us
52.7758,160.6391,2025-07-30T02:23:23.707Z,29.606,4.8,mb,43,192,1.23,1.07,us,us6000r11f,2025-10-17T02:34:35.040Z,"139 km ESE of Petropavlovsk-Kamchatsky, Russia",earthquake,13.64,9.386,0.088,40,reviewed,us,us
51.7012,159.1609,2025-07-30T02:22:34.696Z,42.058,4.9,mb,86,122,1.361,1.27,us,us6000r14a,2025-10-17T02:34:34.040Z,"146 km SSE of Vilyuchinsk, Russia",earthquake,2.97,7.427,0.061,85,reviewed,us,us
52.913,160.9005,2025-07-30T02:19:53.788Z,10,5,mb,88,142,1.366,0.9,us,us6000qw82,2025-10-17T02:34:33.040Z,"153 km E of Petropavlovsk-Kamchatsky, Russia",earthquake,9.45,1.884,0.065,76,reviewed,us,us
50.5746,157.7638,2025-07-30T02:18:29.545Z,10,4.9,mb,118,113,2.513,0.94,us,us6000qw81,2025-10-17T02:34:32.040Z,"116 km E of Severo-Kuril’sk, Russia",earthquake,8.28,1.873,0.054,107,reviewed,us,us
52.2925,159.8143,2025-07-30T02:16:23.970Z,35,4.2,mb,11,221,1.019,1.28,us,us6000r12c,2025-10-17T02:34:30.040Z,"117 km SE of Petropavlovsk-Kamchatsky, Russia",earthquake,7.5,2.009,0.167,10,reviewed,us,us
50.9478,158.6285,2025-07-30T02:14:56.687Z,32.531,4.2,mb,31,229,2.079,0.66,us,us6000r1en,2025-10-17T02:34:29.040Z,"160 km ESE of Ozernovskiy, Russia",earthquake,12.75,7.032,0.104,26,reviewed,us,us
50.9759,159.2047,2025-07-30T02:13:23.868Z,35,4.6,mb,65,125,2.079,1.18,us,us6000r13x,2025-10-17T02:34:28.040Z,"197 km ESE of Ozernovskiy, Russia",earthquake,9.04,1.928,0.073,56,reviewed,us,us
51.3202,158.9,2025-07-30T02:12:16.737Z,35,4.8,mb,80,214,1.713,0.69,us,us6000r141,2025-10-17T02:34:27.040Z,"168 km E of Ozernovskiy, Russia",earthquake,9.49,1.965,0.065,73,reviewed,us,us
50.619,157.9071,2025-07-30T02:10:37.990Z,35,4.4,mb,36,163,2.452,0.53,us,us6000r11a,2025-10-17T02:34:26.040Z,"126 km E of Severo-Kuril’sk, Russia",earthquake,10.73,1.97,0.102,28,reviewed,us,us
50.8759,158.5559,2025-07-30T02:09:19.712Z,35,4.2,mb,21,223,2.152,1.11,us,us6000r1el,2025-10-17T02:34:24.040Z,"159 km ESE of Ozernovskiy, Russia",earthquake,10.44,1.994,0.141,14,reviewed,us,us
50.103,157.6078,2025-07-30T02:08:38.303Z,35.115,4.4,mb,40,125,2.996,0.93,us,us6000r119,2025-10-17T02:34:23.040Z,"123 km ESE of Severo-Kuril’sk, Russia",earthquake,12.13,6.231,0.095,32,reviewed,us,us
53.0392,159.4689,2025-07-30T02:08:07.297Z,73.723,4.5,mb,26,118,0.495,0.87,us,us6000r116,2025-10-17T02:34:22.040Z,"56 km E of Petropavlovsk-Kamchatsky, Russia",earthquake,11.9,7.984,0.11,24,reviewed,us,us
49.8017,157.3539,2025-07-30T02:05:48.878Z,22.714,5.3,mb,59,134,3.318,0.81,us,us6000r140,2025-10-17T02:34:22.040Z,"130 km SE of Severo-Kuril’sk, Russia",earthquake,9.82,5.392,0.056,109,reviewed,us,us
52.1106,160.5416,2025-07-30T02:05:09.916Z,10,5,mb,103,118,1.473,0.82,us,us6000qw7r,2025-10-17T02:34:21.040Z,"167 km SE of Petropavlovsk-Kamchatsky, Russia",earthquake,8.19,1.881,0.055,105,reviewed,us,us
52.3363,159.7504,2025-07-30T02:04:46.112Z,37.28,4.4,mb,33,120,0.96,0.77,us,us6000r13w,2025-10-17T02:34:20.040Z,"110 km SE of Petropavlovsk-Kamchatsky, Russia",earthquake,9.23,4.459,0.095,32,reviewed,us,us
50.2371,158.41,2025-07-30T02:03:41.408Z,10,4.4,mb,34,216,2.794,0.82,us,us6000r1dw,2025-10-17T02:34:19.040Z,"169 km ESE of Severo-Kuril’sk, Russia",earthquake,10.03,1.97,0.105,26,reviewed,us,us
51.5754,157.8617,2025-07-30T02:02:48.640Z,87.774,4.5,mb,32,125,1.529,0.97,us,us6000r1d5,2025-10-17T02:34:18.040Z,"94 km E of Ozernovskiy, Russia",earthquake,11.3,7.793,0.1,29,reviewed,us,us
50.9898,158.4075,2025-07-30T02:01:08.912Z,35,4.9,mb,137,98,2.042,0.65,us,us6000qw7q,2025-10-17T02:34:16.040Z,"144 km ESE of Ozernovskiy, Russia",earthquake,8.14,1.886,0.048,136,reviewed,us,us
52.4912,160.5727,2025-07-30T01:59:24.456Z,10,4.5,mb,58,120,1.284,0.89,us,us6000qw7t,2025-10-17T02:34:16.040Z,"145 km ESE of Petropavlovsk-Kamchatsky, Russia",earthquake,9.42,1.882,0.072,56,reviewed,us,us
50.9224,160.5181,2025-07-30T01:57:01.869Z,10,4.5,mb,35,167,2.4,1.11,us,us6000r123,2025-10-17T02:34:15.040Z,"266 km SSE of Vilyuchinsk, Russia",earthquake,7.64,1.952,0.099,30,reviewed,us,us
52.157,160.4571,2025-07-30T01:55:37.424Z,10,4.6,mb,42,123,1.403,0.96,us,us6000r113,2025-10-17T02:34:14.040Z,"159 km SE of Petropavlovsk-Kamchatsky, Russia",earthquake,9.12,1.87,0.082,44,reviewed,us,us
51.6833,159.3075,2025-07-30T01:52:11.436Z,35,5.3,mb,143,114,1.402,0.79,us,us6000qw7l,2025-10-17T02:34:13.040Z,"151 km SSE of Vilyuchinsk, Russia",earthquake,7.75,1.894,0.03,375,reviewed,us,us
50.4101,157.5478,2025-07-30T01:51:19.411Z,69.115,4.7,mb,28,173,2.704,1.15,us,us6000r1gi,2025-10-17T02:34:12.040Z,"104 km ESE of Severo-Kuril’sk, Russia",earthquake,12.76,9.329,0.12,21,reviewed,us,us
50.766,159.0552,2025-07-30T01:50:58.727Z,10,4.6,mb,27,224,2.275,0.89,us,us6000r13p,2025-10-17T02:34:11.040Z,"196 km ESE of Ozernovskiy, Russia",earthquake,11.41,1.983,0.129,18,reviewed,us,us
50.5753,157.4751,2025-07-30T01:49:58.742Z,35,4.7,mb,36,130,2.54,0.92,us,us6000r117,2025-10-17T02:34:11.040Z,"96 km E of Severo-Kuril’sk, Russia",earthquake,9.57,1.927,0.095,34,reviewed,us,us
52.1663,160.0372,2025-07-30T01:48:15.933Z,10,5.1,mb,42,123,1.205,0.84,us,us6000r1gf,2025-10-17T02:34:10.040Z,"138 km SE of Petropavlovsk-Kamchatsky, Russia",earthquake,6.25,1.727,0.087,43,reviewed,us,us
50.1868,157.2929,2025-07-30T01:46:52.665Z,35,5.5,mb,113,77,2.935,0.78,us,us6000qw7h,2025-10-17T02:34:09.040Z,"99 km ESE of Severo-Kuril’sk, Russia",earthquake,8.49,1.888,0.025,535,reviewed,us,us
51.9212,157.8016,2025-07-30T01:45:15.307Z,85.262,4.4,mb,37,123,1.191,0.5,us,us6000r11b,2025-10-17T02:34:08.040Z,"101 km ENE of Ozernovskiy, Russia",earthquake,10.16,7.47,0.098,30,reviewed,us,us
51.9929,160.593,2025-07-30T01:40:04.205Z,10,5.4,mb,137,125,1.573,0.87,us,us6000qw7g,2025-10-17T02:34:07.040Z,"178 km SE of Petropavlovsk-Kamchatsky, Russia",earthquake,7.89,1.871,0.053,122,reviewed,us,us
51.0169,158.3088,2025-07-30T01:38:16.776Z,35,5.6,mb,158,76,2.021,0.78,us,us6000qw7f,2025-10-17T02:34:06.040Z,"136 km ESE of Ozernovskiy, Russia",earthquake,8.94,1.885,0.029,420,reviewed,us,us
52.285,160.5955,2025-07-30T01:37:31.220Z,10,4.9,mb,41,123,1.397,1.18,us,us6000r13i,2025-10-17T02:34:05.040Z,"158 km SE of Petropavlovsk-Kamchatsky, Russia",earthquake,9.27,1.896,0.081,48,reviewed,us,us
51.3465,159.4824,2025-07-30T01:37:08.279Z,36.23,4.5,mb,29,128,1.756,0.57,us,us6000r11c,2025-10-17T02:34:04.040Z,"191 km SSE of Vilyuchinsk, Russia",earthquake,9.71,7.607,0.115,22,reviewed,us,us
51.8021,158.8091,2025-07-30T01:35:18.827Z,26.956,4.5,mb,34,124,1.227,1.19,us,us6000r13q,2025-10-17T02:34:04.040Z,"128 km SSE of Vilyuchinsk, Russia",earthquake,10.44,6.25,0.103,28,reviewed,us,us
52.3646,158.8843,2025-07-30T01:34:26.705Z,64.315,4.6,mb,41,121,0.675,0.82,us,us6000r10x,2025-10-17T02:34:03.040Z,"70 km SSE of Vilyuchinsk, Russia",earthquake,8.55,7.413,0.09,37,reviewed,us,us
52.7402,158.578,2025-07-30T01:34:03.213Z,79.127,4.5,mb,26,119,0.287,0.65,us,us6000r13h,2025-10-17T02:34:02.040Z,"24 km SSE of Vilyuchinsk, Russia",earthquake,10.53,5.676,0.111,24,reviewed,us,us
50.4604,157.8554,2025-07-30T01:33:19.363Z,30.288,4.8,mb,38,131,2.614,1.04,us,us6000r1g5,2025-10-17T02:34:01.040Z,"124 km ESE of Severo-Kuril’sk, Russia",earthquake,11.44,6.421,0.097,33,reviewed,us,us
51.1809,158.8957,2025-07-30T01:32:16.877Z,43.213,4.4,mb,33,122,1.852,0.94,us,us6000r114,2025-10-17T02:34:00.040Z,"170 km ESE of Ozernovskiy, Russia",earthquake,5.58,7.769,0.11,24,reviewed,us,us
52.3181,160.0639,2025-07-30T01:31:07.009Z,35,4.4,mb,34,122,1.114,0.7,us,us6000r138,2025-10-17T02:33:59.040Z,"127 km SE of Petropavlovsk-Kamchatsky, Russia",earthquake,5.99,1.873,0.103,27,reviewed,us,us
51.6098,159.5587,2025-07-30T01:29:33.385Z,23.56,5,mb,39,122,1.522,0.66,us,us6000r10z,2025-10-17T02:33:59.040Z,"166 km SSE of Vilyuchinsk, Russia",earthquake,10.06,6.075,0.077,54,reviewed,us,us
51.804,158.9139,2025-07-30T01:28:35.676Z,35,4.5,mb,24,125,1.232,0.76,us,us6000r120,2025-10-17T02:33:58.040Z,"130 km SSE of Vilyuchinsk, Russia",earthquake,9.39,1.952,0.124,19,reviewed,us,us
49.7264,155.8592,2025-07-30T01:27:09.610Z,65.055,4.6,mb,51,132,3.577,0.71,us,us6000qw7e,2025-10-17T02:33:57.040Z,"107 km S of Severo-Kuril’sk, Russia",earthquake,11.78,8.734,0.089,38,reviewed,us,us
53.4962,160.2949,2025-07-30T01:27:09.572Z,10,4.6,mb,30,113,1.096,1.04,us,us6000r124,2025-10-17T02:33:56.040Z,"121 km ENE of Petropavlovsk-Kamchatsky, Russia",earthquake,8.81,1.89,0.125,19,reviewed,us,us
50.9466,158.3248,2025-07-30T01:24:58.017Z,42.979,4.4,mb,38,129,2.09,1.02,us,us6000r1hc,2025-10-17T02:33:55.040Z,"141 km ESE of Ozernovskiy, Russia",earthquake,11.02,8.132,0.107,25,reviewed,us,us
50.067,156.1445,2025-07-30T01:23:17.062Z,77.136,4.9,mb,65,135,3.196,0.65,us,us6000r115,2025-10-17T02:33:54.040Z,"67 km S of Severo-Kuril’sk, Russia",earthquake,9.47,7.863,0.075,56,reviewed,us,us
51.6531,159.3432,2025-07-30T01:22:03.759Z,35,5.1,mb,57,126,1.437,0.91,us,us6000r11z,2025-10-17T02:33:53.040Z,"155 km SSE of Vilyuchinsk, Russia",earthquake,8.87,1.91,0.081,50,reviewed,us,us
52.2594,158.0752,2025-07-30T01:21:09.640Z,10,5.3,mb,66,119,0.842,1.04,us,us6000r1gd,2025-10-17T02:33:53.040Z,"78 km SSW of Vilyuchinsk, Russia",earthquake,8.04,1.881,0.076,59,reviewed,us,us
52.5706,160.5659,2025-07-30T01:20:35.630Z,10,5.4,mb,195,114,1.249,0.85,us,us6000qw7d,2025-10-17T02:33:52.040Z,"141 km ESE of Petropavlovsk-Kamchatsky, Russia",earthquake,7.35,1.811,0.045,171,reviewed,us,us
52.6369,160.1565,2025-07-30T01:19:41.903Z,35,4.4,mb,28,121,0.993,0.91,us,us6000r1ha,2025-10-17T02:33:51.040Z,"113 km ESE of Petropavlovsk-Kamchatsky, Russia",earthquake,10.71,1.948,0.138,15,reviewed,us,us
50.1777,157.445,2025-07-30T01:18:47.555Z,27.139,4.7,mb,13,132,2.939,1.04,us,us6000r11y,2025-10-17T02:33:50.040Z,"108 km ESE of Severo-Kuril’sk, Russia",earthquake,13.43,6.102,0.13,18,reviewed,us,us
51.4337,159.5434,2025-07-30T01:16:40.241Z,10,5.1,mb,23,122,1.684,0.76,us,us6000r110,2025-10-17T02:33:48.040Z,"183 km SSE of Vilyuchinsk, Russia",earthquake,10.39,1.602,0.134,18,reviewed,us,us
50.5956,157.9756,2025-07-30T01:15:17.305Z,35,4.8,mb,76,130,2.467,0.55,us,us6000r10t,2025-10-17T02:33:47.040Z,"131 km E of Severo-Kuril’sk, Russia",earthquake,9.98,1.919,0.07,62,reviewed,us,us
49.2559,155.9504,2025-07-30T01:14:49.898Z,35,4.7,mb,47,134,4.011,0.73,us,us6000r10y,2025-10-17T02:33:47.040Z,"158 km S of Severo-Kuril’sk, Russia",earthquake,11.32,1.936,0.097,32,reviewed,us,us
50.5721,157.4975,2025-07-30T01:13:56.682Z,35,4.7,mb,37,130,2.543,0.76,us,us6000r132,2025-10-17T02:33:46.040Z,"97 km E of Severo-Kuril’sk, Russia",earthquake,9.98,1.93,0.106,27,reviewed,us,us
51.0629,158.716,2025-07-30T01:12:50.690Z,35,5,mb,44,122,1.964,0.69,us,us6000r1fm,2025-10-17T02:33:45.040Z,"161 km ESE of Ozernovskiy, Russia",earthquake,10.74,1.939,0.085,44,reviewed,us,us
52.338,160.0971,2025-07-30T01:11:30.575Z,35,5.3,mb,104,110,1.117,0.81,us,us6000qw7b,2025-10-17T02:33:44.040Z,"128 km SE of Petropavlovsk-Kamchatsky, Russia",earthquake,8.84,1.916,0.06,93,reviewed,us,us
52.062,159.6171,2025-07-30T01:09:32.871Z,35,5,mb,15,194,1.13,1.24,us,us6000r1h9,2025-10-17T02:33:42.040Z,"127 km SE of Vilyuchinsk, Russia",earthquake,9.82,1.988,0.137,17,reviewed,us,us
50.9371,157.3459,2025-07-30T01:09:07.712Z,92.599,4.7,mb,63,128,2.185,1.21,us,us6000r1fl,2025-10-17T02:33:42.040Z,"85 km SE of Ozernovskiy, Russia",earthquake,9.84,7.311,0.074,56,reviewed,us,us
51.8308,158.9979,2025-07-30T01:07:43.147Z,56.964,4.9,mb,92,119,1.213,0.54,us,us6000r10w,2025-10-17T02:33:41.040Z,"128 km SSE of Vilyuchinsk, Russia",earthquake,10.6,7.202,0.06,88,reviewed,us,us
50.7446,157.1493,2025-07-30T01:07:01.742Z,50.573,5.2,mb,124,129,2.392,0.57,us,us6000qw78,2025-10-17T02:33:40.040Z,"72 km E of Severo-Kuril’sk, Russia",earthquake,9.3,6.398,0.057,102,reviewed,us,us
52.3284,160.0652,2025-07-30T01:06:14.313Z,32.112,5,mb,69,113,1.108,0.54,us,us6000r137,2025-10-17T02:33:39.040Z,"127 km SE of Petropavlovsk-Kamchatsky, Russia",earthquake,9.45,5.667,0.073,60,reviewed,us,us
51.1774,158.5719,2025-07-30T01:05:36.618Z,46.083,5.1,mb,87,122,1.849,0.62,us,us6000r1fn,2025-10-17T02:33:38.040Z,"148 km ESE of Ozernovskiy, Russia",earthquake,10.92,7.437,0.065,78,reviewed,us,us
52.7348,158.8849,2025-07-30T01:04:35.521Z,80.957,5.3,mb,142,108,0.322,0.71,us,us6000r10v,2025-10-17T02:33:37.040Z,"39 km SE of Vilyuchinsk, Russia",earthquake,9.49,5.414,0.041,202,reviewed,us,us
51.6577,158.8083,2025-07-30T01:03:22.907Z,35,5.7,mb,92,109,1.371,1.04,us,us6000qw75,2025-10-17T02:33:36.040Z,"144 km S of Vilyuchinsk, Russia",earthquake,8.22,1.9,0.028,465,reviewed,us,us
51.734,159.5148,2025-07-30T01:02:11.309Z,35,5,mb,103,119,1.396,0.79,us,us6000r1gl,2025-10-17T02:33:35.040Z,"153 km SSE of Vilyuchinsk, Russia",earthquake,9.44,1.919,0.058,94,reviewed,us,us
51.4017,159.6648,2025-07-30T01:01:29.830Z,19.591,5,mb,67,121,1.74,0.83,us,us6000r10u,2025-10-17T02:33:35.040Z,"190 km SSE of Vilyuchinsk, Russia",earthquake,9.66,5.108,0.076,56,reviewed,us,us
51.8202,158.4768,2025-07-30T01:00:23.733Z,71.892,4.9,mb,59,127,1.21,0.58,us,us6000r1h7,2025-10-17T02:33:34.040Z,"123 km S of Vilyuchinsk, Russia",earthquake,12.32,6.235,0.077,53,reviewed,us,us
51.585,159.8996,2025-07-30T00:58:38.149Z,10,5.7,mb,75,60,1.632,0.98,us,us6000qw74,2025-10-17T02:33:33.040Z,"181 km SSE of Vilyuchinsk, Russia",earthquake,8.26,1.813,0.047,161,reviewed,us,us
51.5818,159.4382,2025-07-30T00:57:32.887Z,35,4.7,mb,31,127,1.523,0.56,us,us6000r1g9,2025-10-17T02:33:31.040Z,"165 km SSE of Vilyuchinsk, Russia",earthquake,8.91,1.94,0.117,23,reviewed,us,us
49.7005,155.3961,2025-07-30T00:56:02.856Z,65.747,5.3,mb,71,127,3.704,0.55,us,us6000r130,2025-10-17T02:33:30.040Z,"120 km SSW of Severo-Kuril’sk, Russia",earthquake,9.71,5.802,0.077,56,reviewed,us,us
51.5583,159.1846,2025-07-30T00:55:02.822Z,38.813,5.1,mb,33,135,1.504,0.9,us,us6000qw73,2025-10-17T02:33:29.040Z,"161 km SSE of Vilyuchinsk, Russia",earthquake,9.4,6.064,0.124,21,reviewed,us,us
52.566,160.2341,2025-07-30T00:51:59.844Z,35,5.3,mb,33,121,1.065,0.62,us,us6000r10m,2025-10-17T02:33:29.040Z,"121 km ESE of Petropavlovsk-Kamchatsky, Russia",earthquake,5.38,1.87,0.132,19,reviewed,us,us
51.9332,161.3322,2025-07-30T00:50:09.012Z,10,5.1,mb,49,127,2.503,0.84,us,us6000r10r,2025-10-17T02:33:28.040Z,"222 km SE of Petropavlovsk-Kamchatsky, Russia",earthquake,9.1,1.896,0.109,28,reviewed,us,us
51.7491,159.0146,2025-07-30T00:49:15.321Z,35,5.1,mb,43,125,1.296,0.73,us,us6000r12q,2025-10-17T02:33:27.040Z,"137 km SSE of Vilyuchinsk, Russia",earthquake,9.34,1.943,0.11,27,reviewed,us,us
51.9108,159.2399,2025-07-30T00:48:18.886Z,35,5.2,mb,45,124,1.171,1.25,us,us6000r10p,2025-10-17T02:33:26.040Z,"126 km SSE of Vilyuchinsk, Russia",earthquake,7.4,1.909,0.091,40,reviewed,us,us
50.7638,158.0584,2025-07-30T00:46:09.458Z,35,4.7,mb,15,137,2.292,0.79,us,us6000r131,2025-10-17T02:33:25.040Z,"136 km SE of Ozernovskiy, Russia",earthquake,13.39,1.948,0.147,14,reviewed,us,us
52.2714,158.6845,2025-07-30T00:44:01.960Z,64.8,4.3,mb,19,164,0.753,1.03,us,us6000r11s,2025-10-17T02:33:24.040Z,"75 km SSE of Vilyuchinsk, Russia",earthquake,11.02,8.879,0.168,10,reviewed,us,us
51.4871,159.1092,2025-07-30T00:41:29.428Z,35,5.2,mb,56,161,1.564,0.64,us,us6000r10l,2025-10-17T02:33:23.040Z,"167 km SSE of Vilyuchinsk, Russia",earthquake,11.65,1.978,0.085,45,reviewed,us,us
52.5351,159.2508,2025-07-30T00:40:59.302Z,57.268,5.3,mb,59,92,0.61,0.71,us,us6000r10q,2025-10-17T02:33:22.040Z,"72 km SE of Vilyuchinsk, Russia",earthquake,7.63,5.082,0.075,60,reviewed,us,us
51.7073,158.8994,2025-07-30T00:39:13.653Z,35,4.6,mb,49,154,1.327,0.41,us,us6000r10k,2025-10-17T02:33:22.040Z,"140 km SSE of Vilyuchinsk, Russia",earthquake,8.36,1.942,0.099,30,reviewed,us,us
50.9075,159.5402,2025-07-30T00:38:18.389Z,10,4.5,mb,19,136,2.48,0.55,us,us6000r12z,2025-10-17T02:33:20.040Z,"222 km ESE of Ozernovskiy, Russia",earthquake,11.54,1.918,0.205,7,reviewed,us,us
51.9131,159.255,2025-07-30T00:35:26.004Z,35,5.7,mb,68,92,1.172,0.68,us,us6000qw6z,2025-10-17T02:33:20.040Z,"127 km SSE of Vilyuchinsk, Russia",earthquake,7.25,1.843,0.045,177,reviewed,us,us
52.5274,157.9077,2025-07-30T00:34:40.726Z,10,4.8,mb,35,121,0.595,0.47,us,us6000r12n,2025-10-17T02:33:19.040Z,"53 km SSW of Paratunka, Russia",earthquake,3.5,1.893,0.175,10,reviewed,us,us
51.211,158.8515,2025-07-30T00:33:47.289Z,35,4.6,mb,57,129,1.819,0.49,us,us6000r1db,2025-10-17T02:33:18.040Z,"166 km ESE of Ozernovskiy, Russia",earthquake,9.73,1.921,0.105,27,reviewed,us,us
52.3338,160.1487,2025-07-30T00:31:15.562Z,35,5.4,mb,37,123,1.144,0.9,us,us6000qw6y,2025-10-17T02:33:16.040Z,"131 km SE of Petropavlovsk-Kamchatsky, Russia",earthquake,8.56,1.928,0.086,46,reviewed,us,us
52.3363,158.2404,2025-07-30T00:30:57.797Z,10.636,4.7,mb,45,161,0.84,0.87,us,us6000r11t,2025-10-17T02:33:15.040Z,"67 km S of Vilyuchinsk, Russia",earthquake,13.36,6.191,0.159,12,reviewed,us,us
51.0322,158.4846,2025-07-30T00:28:13.843Z,35,5,mb,57,118,1.997,0.68,us,us6000r12p,2025-10-17T02:33:13.040Z,"147 km ESE of Ozernovskiy, Russia",earthquake,8.65,1.905,0.097,34,reviewed,us,us
51.8231,160.2184,2025-07-30T00:27:44.960Z,10,5,mb,36,126,1.539,0.53,us,us6000r1eu,2025-10-17T02:33:12.040Z,"174 km SE of Vilyuchinsk, Russia",earthquake,6.69,1.831,0.13,19,reviewed,us,us
51.2842,158.4725,2025-07-30T00:27:25.154Z,35,4.5,mb,24,127,1.745,0.8,us,us6000r1ew,2025-10-17T02:33:11.040Z,"139 km E of Ozernovskiy, Russia",earthquake,11.04,1.92,0.156,12,reviewed,us,us
50.9849,158.6593,2025-07-30T00:26:05.940Z,35,5.4,mb,61,81,2.042,0.57,us,us6000r1d7,2025-10-17T02:33:09.040Z,"161 km ESE of Ozernovskiy, Russia",earthquake,6.5,1.634,0.092,40,reviewed,us,us
52.2812,159.8921,2025-07-30T00:25:24.310Z,35,4.7,mb,31,133,1.061,0.96,us,us6000r10n,2025-10-17T02:33:08.040Z,"122 km SE of Petropavlovsk-Kamchatsky, Russia",earthquake,11.43,1.952,0.153,13,reviewed,us,us
51.8385,159.5442,2025-07-30T00:24:10.598Z,35,5.2,mb,43,117,1.307,0.51,us,us6000r1ga,2025-10-17T02:33:07.040Z,"144 km SSE of Vilyuchinsk, Russia",earthquake,9.52,1.927,0.118,24,reviewed,us,us
51.0064,158.5045,2025-07-30T00:23:54.632Z,35,5.3,mb,59,106,2.022,0.67,us,us6000r10i,2025-10-17T02:33:06.040Z,"150 km ESE of Ozernovskiy, Russia",earthquake,8.64,1.842,0.095,37,reviewed,us,us
52.6654,159.2701,2025-07-30T00:23:19.102Z,43.981,4.8,mb,19,226,0.52,0.79,us,us6000r1ft,2025-10-17T02:33:04.040Z,"61 km SE of Petropavlovsk-Kamchatsky, Russia",earthquake,8.62,9.197,0.185,9,reviewed,us,us
50.4486,157.5188,2025-07-30T00:22:38.854Z,35,5,mb,58,140,2.666,0.62,us,us6000r10j,2025-10-17T02:33:03.040Z,"101 km ESE of Severo-Kuril’sk, Russia",earthquake,10.87,1.925,0.091,39,reviewed,us,us
52.1048,159.692,2025-07-30T00:16:06.520Z,35,6.2,mb,113,36,1.119,0.97,us,us6000qw6s,2025-10-17T02:33:02.040Z,"126 km SE of Vilyuchinsk, Russia",earthquake,6.67,0.871,0.023,749,reviewed,us,us
52.1516,159.7633,2025-07-30T00:15:56.675Z,35,5.2,mb,42,89,8.78,0.64,us,us6000r12j,2025-10-17T02:33:01.040Z,"126 km SE of Vilyuchinsk, Russia",earthquake,11.11,1.946,0.128,20,reviewed,us,us
51.7857,159.8227,2025-07-30T00:12:20.745Z,25.681,5.8,mb,44,60,1.433,0.63,us,us6000r1em,2025-10-17T02:33:00.040Z,"159 km SE of Vilyuchinsk, Russia",earthquake,5.47,4.543,0.131,28,reviewed,us,us
52.1946,159.8008,2025-07-30T00:09:58.961Z,36.622,6.9,mww,82,68,1.087,0.95,us,us6000qw6q,2025-10-17T02:32:58.040Z,"125 km SE of Petropavlovsk-Kamchatsky, Russia",earthquake,8.62,5.606,0.098,10,reviewed,us,us
51.6796,159.5076,2025-07-30T00:09:32.623Z,35,5,mb,78,155,1.445,0.74,us,us6000r12i,2025-10-17T02:32:58.040Z,"158 km SSE of Vilyuchinsk, Russia",earthquake,8.47,1.916,0.081,48,reviewed,us,us
51.6403,159.2254,2025-07-30T00:08:39.203Z,35,5.2,mb,39,120,1.43,0.33,us,us6000r12g,2025-10-17T02:32:57.040Z,"154 km SSE of Vilyuchinsk, Russia",earthquake,9.44,1.922,0.144,16,reviewed,us,us
51.9301,159.5625,2025-07-30T00:07:34.269Z,35,5.1,mb,47,125,1.229,0.87,us,us6000r10h,2025-10-17T02:32:56.040Z,"136 km SE of Vilyuchinsk, Russia",earthquake,9.19,1.931,0.119,23,reviewed,us,us
51.4077,159.3025,2025-07-30T00:06:51.597Z,35,4.7,mb,43,124,1.968,0.44,us,us6000r10f,2025-10-17T02:32:54.040Z,"180 km SSE of Vilyuchinsk, Russia",earthquake,9.24,1.944,0.117,22,reviewed,us,us
52.5004,159.003,2025-07-30T00:06:25.266Z,45.918,4.9,mb,26,181,0.566,0.58,us,us6000r12h,2025-10-17T02:32:52.040Z,"62 km SE of Vilyuchinsk, Russia",earthquake,10.32,8.379,0.323,3,reviewed,us,us
52.0603,160.0392,2025-07-30T00:04:47.327Z,10,5.2,mb,55,96,1.285,0.9,us,us6000qw6r,2025-10-17T02:32:51.040Z,"147 km SE of Petropavlovsk-Kamchatsky, Russia",earthquake,8.27,1.386,0.083,48,reviewed,us,us
51.3443,159.8402,2025-07-30T00:01:26.150Z,10,4.7,mb,22,153,1.834,0.91,us,us6000r10e,2025-10-17T02:32:50.040Z,"202 km SSE of Vilyuchinsk, Russia",earthquake,11.13,1.968,0.184,9,reviewed,us,us
50.3027,157.364,2025-07-30T00:01:04.828Z,35,5.2,mb,61,125,10.03,0.71,us,us6000r10g,2025-10-17T02:32:48.040Z,"97 km ESE of Severo-Kuril’sk, Russia",earthquake,10.2,1.889,0.087,44,reviewed,us,us
50.1538,158.3695,2025-07-29T23:59:33.842Z,15.284,4.9,mb,16,134,2.879,0.44,us,us6000r0q0,2025-10-11T20:57:56.040Z,"169 km ESE of Severo-Kuril’sk, Russia",earthquake,12.38,5.678,0.229,6,reviewed,us,us
51.548,159.5784,2025-07-29T23:58:56.337Z,10,4.6,mb,23,127,1.584,0.67,us,us6000r0qm,2025-10-11T20:57:58.040Z,"173 km SSE of Vilyuchinsk, Russia",earthquake,9.16,1.85,0.223,6,reviewed,us,us
49.1548,156.4018,2025-07-29T23:57:58.930Z,27.618,5.1,mb,76,129,4.042,0.53,us,us6000r0qd,2025-10-11T20:57:57.040Z,"170 km S of Severo-Kuril’sk, Russia",earthquake,9.68,5.646,0.093,38,reviewed,us,us
50.8049,158.7836,2025-07-29T23:54:58.717Z,10,5.7,mb,45,131,2.223,0.7,us,us6000r0pw,2025-10-11T20:57:56.040Z,"177 km ESE of Ozernovskiy, Russia",earthquake,7.17,1.638,0.113,28,reviewed,us,us
50.4763,159.1169,2025-07-29T23:54:34.195Z,10,5.2,mb,51,133,2.567,0.79,us,us6000r0qf,2025-10-11T20:57:57.040Z,"212 km E of Severo-Kuril’sk, Russia",earthquake,9.13,1.873,0.12,23,reviewed,us,us
51.394,159.4668,2025-07-29T23:52:45.096Z,35,4.5,mb,27,157,1.708,0.65,us,us6000r0qk,2025-10-11T20:57:57.040Z,"185 km SSE of Vilyuchinsk, Russia",earthquake,8.69,1.969,0.242,5,reviewed,us,us
50.7772,158.3042,2025-07-29T23:51:55.044Z,38.704,5,mb,31,130,2.26,0.9,us,us6000r0pu,2025-10-11T20:57:55.040Z,"149 km ESE of Ozernovskiy, Russia",earthquake,5.23,7.656,0.113,25,reviewed,us,us
51.133,160.2137,2025-07-29T23:51:25.694Z,10,4.9,mb,30,138,2.125,0.68,us,us6000r0qj,2025-10-11T20:57:57.040Z,"235 km SSE of Vilyuchinsk, Russia",earthquake,11.17,1.916,0.161,12,reviewed,us,us
51.4327,158.2852,2025-07-29T23:50:21.143Z,35,5.4,mb,28,122,1.609,0.93,us,us6000r0py,2025-10-11T20:57:56.040Z,"124 km E of Ozernovskiy, Russia",earthquake,8.46,1.93,0.162,13,reviewed,us,us
52.6478,160.2382,2025-07-29T23:49:16.697Z,35,5.4,mb,37,118,1.034,0.89,us,us6000qw6m,2025-10-11T20:57:36.040Z,"117 km ESE of Petropavlovsk-Kamchatsky, Russia",earthquake,9.18,1.903,0.117,25,reviewed,us,us
53.3099,159.2493,2025-07-29T23:49:01.142Z,19.149,5.1,mb,22,115,0.461,0.82,us,us6000r0qi,2025-10-11T20:57:57.040Z,"49 km ENE of Petropavlovsk-Kamchatsky, Russia",earthquake,5.62,4.745,0.181,10,reviewed,us,us
51.7599,160.1586,2025-07-29T23:48:17.525Z,10,5.6,mb,50,122,1.567,0.64,us,us6000qw6g,2025-10-11T20:57:36.040Z,"176 km SE of Vilyuchinsk, Russia",earthquake,9.74,1.886,0.097,37,reviewed,us,us
49.4264,156.1591,2025-07-29T23:46:37.801Z,35,5.7,mb,86,112,3.811,0.53,us,us6000qwi3,2025-10-11T20:57:36.040Z,"138 km S of Severo-Kuril’sk, Russia",earthquake,12.22,1.864,0.076,62,reviewed,us,us
51.8275,160.1908,2025-07-29T23:45:54.578Z,10,5,mb,24,209,1.525,0.53,us,us6000r0qh,2025-10-11T20:57:57.040Z,"172 km SE of Vilyuchinsk, Russia",earthquake,13.52,1.975,0.188,9,reviewed,us,us
51.6288,159.6054,2025-07-29T23:45:28.076Z,10,5.4,mb,40,127,1.515,0.46,us,us6000r0qb,2025-10-11T20:57:57.040Z,"166 km SSE of Vilyuchinsk, Russia",earthquake,5.08,1.88,0.12,24,reviewed,us,us
50.8173,157.7211,2025-07-29T23:44:54.409Z,39.461,5.4,mb,36,184,2.295,0.62,us,us6000r0pv,2025-10-11T20:57:55.040Z,"113 km E of Severo-Kuril’sk, Russia",earthquake,12.25,8.08,0.121,23,reviewed,us,us
51.5974,159.1555,2025-07-29T23:43:03.665Z,35,5.2,mb,49,123,1.462,0.57,us,us6000r0px,2025-10-11T20:57:56.040Z,"157 km SSE of Vilyuchinsk, Russia",earthquake,5.38,1.926,0.105,30,reviewed,us,us
49.2988,156.5191,2025-07-29T23:40:27.004Z,10,5.7,mb,52,86,3.886,0.74,us,us6000qwhh,2025-10-11T20:57:36.040Z,"155 km S of Severo-Kuril’sk, Russia",earthquake,10.14,1.867,0.104,33,reviewed,us,us
51.0614,159.0547,2025-07-29T23:38:56.675Z,10,5.8,mb,66,68,1.981,0.83,us,us6000r0qg,2025-10-11T20:57:57.040Z,"184 km ESE of Ozernovskiy, Russia",earthquake,8.01,1.817,0.101,36,reviewed,us,us
52.3144,159.5397,2025-07-29T23:38:28.604Z,35,5.7,mb,39,58,0.893,0.98,us,us6000r0ql,2025-10-11T20:57:57.040Z,"103 km SE of Vilyuchinsk, Russia",earthquake,9.24,1.89,0.12,25,reviewed,us,us
51.5092,159.126,2025-07-29T23:37:34.403Z,35,6,mb,83,53,1.545,0.83,us,us6000qwhj,2025-10-11T20:57:36.040Z,"165 km SSE of Vilyuchinsk, Russia",earthquake,7.47,1.863,0.078,62,reviewed,us,us
51.7541,158.2503,2025-07-29T23:36:01.341Z,35,6,mb,79,84,1.295,0.75,us,us6000r0qc,2025-10-11T20:57:57.040Z,"124 km ENE of Ozernovskiy, Russia",earthquake,8.28,1.824,0.078,62,reviewed,us,us
51.8593,159.121,2025-07-29T23:34:53.625Z,35,5.9,mb,87,66,1.201,0.57,us,us6000r0q2,2025-10-11T20:57:56.040Z,"128 km SSE of Vilyuchinsk, Russia",earthquake,9.04,1.848,0.075,65,reviewed,us,us
53.665,160.4312,2025-07-29T23:31:25.020Z,42.734,5.9,mb,61,86,1.247,0.96,us,us6000r0xt,2025-10-11T20:57:58.040Z,"137 km ENE of Petropavlovsk-Kamchatsky, Russia",earthquake,8.1,7.084,0.083,54,reviewed,us,us
52.6498,159.5787,2025-07-29T23:30:44.566Z,25.423,6.1,mb,57,67,0.676,0.7,us,us6000r0xw,2025-10-11T20:57:58.040Z,"78 km SE of Petropavlovsk-Kamchatsky, Russia",earthquake,7.89,5.64,0.088,49,reviewed,us,us
52.5195,159.7031,2025-07-29T23:30:03.032Z,16.375,6.3,mb,29,121,0.815,0.67,us,us6000r0y5,2025-10-11T20:57:58.040Z,"94 km SE of Petropavlovsk-Kamchatsky, Russia",earthquake,9.45,5.247,0.116,29,reviewed,us,us
52.4948,160.2395,2025-07-29T23:24:52.483Z,35,8.8,mww,251,30,1.102,0.73,us,us6000qw60,2025-11-28T16:03:46.450Z,"2025 Kamchatka Peninsula, Russia Earthquake",earthquake,6.78,1.784,0.018,303,reviewed,us,us
53.4351,161.5246,2025-07-29T16:28:52.863Z,10,4.1,mb,31,137,1.777,0.74,us,us6000r0pt,2025-10-11T20:57:55.040Z,"197 km E of Petropavlovsk-Kamchatsky, Russia",earthquake,11.09,1.911,0.107,24,reviewed,us,us
53.5437,161.963,2025-07-29T14:59:04.139Z,10,4.8,mb,135,111,2.056,0.46,us,us6000qvzl,2025-10-11T20:57:32.040Z,"228 km ENE of Petropavlovsk-Kamchatsky, Russia",earthquake,8.82,1.862,0.045,162,reviewed,us,us
48.5218,153.455,2025-07-29T07:38:27.352Z,121.27,4.6,mb,86,128,5.321,0.91,us,us6000qvwc,2025-10-11T20:57:31.040Z,Kuril Islands,earthquake,9.77,7.035,0.031,319,reviewed,us,us
53.8437,160.997,2025-07-29T02:41:51.840Z,37.762,4.7,mb,157,100,1.627,0.71,us,us6000qvv6,2025-10-11T20:57:30.040Z,"179 km ENE of Petropavlovsk-Kamchatsky, Russia",earthquake,8.74,6.559,0.045,150,reviewed,us,us
52.2113,160.5807,2025-07-29T00:22:32.289Z,10,4.4,mb,18,124,1.431,1.13,us,us6000r0ne,2025-10-11T20:57:52.040Z,"162 km SE of Petropavlovsk-Kamchatsky, Russia",earthquake,9.73,1.864,0.12,20,reviewed,us,us
52.8882,161.1933,2025-07-28T20:51:49.604Z,10,4.2,mb,34,162,1.545,0.98,us,us6000qvxr,2025-10-11T20:57:32.040Z,"173 km E of Petropavlovsk-Kamchatsky, Russia",earthquake,12.81,1.961,0.107,24,reviewed,us,us
52.7405,161.1469,2025-07-28T12:21:44.461Z,10,4.1,mb,18,196,1.539,0.74,us,us6000qz6b,2025-10-11T20:57:49.040Z,"173 km ESE of Petropavlovsk-Kamchatsky, Russia",earthquake,7.65,1.994,0.144,14,reviewed,us,us
52.811,160.611,2025-07-28T11:45:03.459Z,10,5.1,mb,138,70,1.206,0.9,us,us6000qvlw,2025-10-11T20:57:26.040Z,"136 km ESE of Petropavlovsk-Kamchatsky, Russia",earthquake,7.79,1.777,0.021,724,reviewed,us,us
53.0958,159.8413,2025-07-28T03:13:59.438Z,60.141,4.9,mb,102,132,0.723,0.8,us,us6000qz66,2025-10-11T20:57:49.040Z,"81 km E of Petropavlovsk-Kamchatsky, Russia",earthquake,9.92,6.752,0.06,87,reviewed,us,us
51.8763,152.8394,2025-07-27T19:12:18.091Z,413.902,4.3,mb,87,121,3.216,0.68,us,us6000qvii,2025-10-11T20:57:23.040Z,"256 km W of Ozernovskiy, Russia",earthquake,11.64,7.985,0.036,217,reviewed,us,us
48.6975,154.8069,2025-07-27T11:05:12.927Z,71.578,4.2,mb,64,132,4.78,0.71,us,us6000qz4z,2025-10-11T20:57:48.040Z,"239 km SSW of Severo-Kuril’sk, Russia",earthquake,11.29,7.888,0.074,51,reviewed,us,us
53.2505,161.1095,2025-07-26T21:35:23.289Z,35,4,mb,19,165,1.499,0.9,us,us6000qz3n,2025-10-11T20:57:46.040Z,"167 km E of Petropavlovsk-Kamchatsky, Russia",earthquake,10.79,1.754,0.138,14,reviewed,us,us
52.9578,161.2303,2025-07-26T19:25:16.764Z,10,4.4,mb,71,117,1.561,0.8,us,us6000qvd5,2025-10-11T20:57:19.040Z,"175 km E of Petropavlovsk-Kamchatsky, Russia",earthquake,6.25,1.861,0.073,59,reviewed,us,us
52.3235,160.747,2025-07-26T18:54:23.644Z,10,5,mb,145,108,1.457,0.64,us,us6000qvd3,2025-10-11T20:57:19.040Z,"165 km ESE of Petropavlovsk-Kamchatsky, Russia",earthquake,7.35,1.85,0.034,278,reviewed,us,us
53.0284,161.3239,2025-07-26T18:49:12.898Z,22.407,4,mb,34,146,1.615,1.21,us,us6000qz3p,2025-10-11T20:57:46.040Z,"180 km E of Petropavlovsk-Kamchatsky, Russia",earthquake,10.82,6.37,0.102,26,reviewed,us,us
52.9529,161.2282,2025-07-26T16:32:05.277Z,9.54,4.5,mb,68,114,1.56,0.83,us,us6000qz3h,2025-10-11T20:57:46.040Z,"174 km E of Petropavlovsk-Kamchatsky, Russia",earthquake,8.46,1.948,0.07,59,reviewed,us,us
53.177,161.0048,2025-07-26T15:18:58.828Z,10,4.1,mb,55,162,1.428,0.55,us,us6000qvbs,2025-10-11T20:57:18.040Z,"159 km E of Petropavlovsk-Kamchatsky, Russia",earthquake,10.65,1.93,0.083,42,reviewed,us,us
52.9886,161.1133,2025-07-26T13:16:07.816Z,10,4.3,mb,49,120,1.489,0.68,us,us6000qvbf,2025-10-11T20:57:18.040Z,"166 km E of Petropavlovsk-Kamchatsky, Russia",earthquake,9.86,1.899,0.079,45,reviewed,us,us
52.4048,160.6361,2025-07-26T12:13:10.016Z,11.326,4.5,mb,44,117,1.358,0.86,us,us6000qvb4,2025-10-11T20:57:18.040Z,"154 km ESE of Petropavlovsk-Kamchatsky, Russia",earthquake,9.76,5.048,0.053,103,reviewed,us,us
53.1568,161.0584,2025-07-26T11:37:52.541Z,10,4.2,mb,20,117,1.459,1.16,us,us6000qz3a,2025-10-11T20:57:46.040Z,"163 km E of Petropavlovsk-Kamchatsky, Russia",earthquake,8.92,1.746,0.118,20,reviewed,us,us
52.3105,160.8878,2025-07-26T09:10:56.718Z,10,4.4,mb,24,158,1.539,0.79,us,us6000qz38,2025-10-11T20:57:45.040Z,"174 km ESE of Petropavlovsk-Kamchatsky, Russia",earthquake,10.65,1.946,0.123,19,reviewed,us,us
52.4376,160.9047,2025-07-26T05:50:35.910Z,23.423,5,mb,158,120,1.491,0.64,us,us6000qv9s,2025-10-11T20:57:16.040Z,"168 km ESE of Petropavlovsk-Kamchatsky, Russia",earthquake,8.59,5.401,0.045,161,reviewed,us,us
53.2985,161.1212,2025-07-26T05:27:25.282Z,10,4.3,mb,20,116,1.513,0.88,us,us6000qz37,2025-10-11T20:57:45.040Z,"168 km E of Petropavlovsk-Kamchatsky, Russia",earthquake,9.01,1.902,0.129,17,reviewed,us,us
52.6512,160.3204,2025-07-25T23:15:08.826Z,10,5,mb,88,120,1.08,1.29,us,us6000qv8s,2025-10-11T20:57:15.040Z,"122 km ESE of Petropavlovsk-Kamchatsky, Russia",earthquake,7.28,1.862,0.039,211,reviewed,us,us
53.0606,161.3161,2025-07-25T22:06:58.552Z,10,4.3,mb,38,165,1.61,0.87,us,us6000qv8l,2025-10-11T20:57:15.040Z,"180 km E of Petropavlovsk-Kamchatsky, Russia",earthquake,11.1,1.959,0.102,29,reviewed,us,us
47.0627,152.8241,2025-07-25T18:10:09.373Z,67.469,4.2,mb,58,124,6.814,0.86,us,us6000qyxv,2025-10-11T20:57:45.040Z,Kuril Islands,earthquake,10.73,6.353,0.076,48,reviewed,us,us
52.9794,161.2571,2025-07-25T17:13:30.754Z,10,4.2,mb,45,119,1.576,0.93,us,us6000qyxt,2025-10-11T20:57:44.040Z,"176 km E of Petropavlovsk-Kamchatsky, Russia",earthquake,9.58,1.891,0.086,38,reviewed,us,us
53.0078,161.1149,2025-07-25T13:32:06.609Z,10,4.3,mb,49,146,1.489,0.58,us,us6000qv4a,2025-10-11T20:57:14.040Z,"166 km E of Petropavlovsk-Kamchatsky, Russia",earthquake,10.32,1.945,0.076,49,reviewed,us,us
52.6158,160.694,2025-07-25T11:13:01.067Z,10,5,mww,121,107,1.306,1.11,us,us6000qv1a,2025-10-11T20:57:13.040Z,"147 km ESE of Petropavlovsk-Kamchatsky, Russia",earthquake,8.59,1.853,0.11,8,reviewed,us,us
53.0062,161.3204,2025-07-25T07:18:00.848Z,10,4.2,mb,26,118,1.613,1.24,us,us6000qyxc,2025-10-11T20:57:44.040Z,"180 km E of Petropavlovsk-Kamchatsky, Russia",earthquake,10.75,1.915,0.107,24,reviewed,us,us
52.762,160.1217,2025-07-25T05:41:33.585Z,41.532,4.1,mb,31,120,0.929,0.54,us,us6000qyxl,2025-10-11T20:57:44.040Z,"105 km ESE of Petropavlovsk-Kamchatsky, Russia",earthquake,11.16,8.685,0.097,29,reviewed,us,us
52.9891,161.1981,2025-07-25T05:05:18.595Z,10,4.1,mb,24,185,1.54,0.89,us,us6000qyx7,2025-10-11T20:57:43.040Z,"172 km E of Petropavlovsk-Kamchatsky, Russia",earthquake,12.52,1.968,0.117,20,reviewed,us,us
53.2463,160.8246,2025-07-25T03:03:17.545Z,35,4.2,mb,21,193,1.329,0.89,us,us6000qyxh,2025-10-11T20:57:44.040Z,"148 km E of Petropavlovsk-Kamchatsky, Russia",earthquake,8.86,1.99,0.141,14,reviewed,us,us
53.0767,161.0744,2025-07-25T02:58:44.421Z,30.492,4.6,mb,37,181,1.465,1.04,us,us6000quz8,2025-10-11T20:57:11.040Z,"164 km E of Petropavlovsk-Kamchatsky, Russia",earthquake,14.2,8.512,0.098,31,reviewed,us,us
52.9672,161.0749,2025-07-25T01:24:46.111Z,32.558,4,mb,21,186,1.467,0.67,us,us6000qyx2,2025-10-11T20:57:43.040Z,"164 km E of Petropavlovsk-Kamchatsky, Russia",earthquake,15.4,4.508,0.15,12,reviewed,us,us
53.0157,160.7567,2025-07-25T00:52:27.136Z,35,4,mb,14,133,1.273,0.9,us,us6000qyy8,2025-10-11T20:57:45.040Z,"142 km E of Petropavlovsk-Kamchatsky, Russia",earthquake,12.08,1.946,0.196,7,reviewed,us,us
52.6491,161.1977,2025-07-25T00:37:14.383Z,20.044,4.1,mb,37,151,1.59,1.05,us,us6000qyx9,2025-10-11T20:57:44.040Z,"179 km ESE of Petropavlovsk-Kamchatsky, Russia",earthquake,7.9,6.653,0.114,24,reviewed,us,us
53.027,161.1634,2025-07-25T00:22:59.697Z,25.995,4.7,mb,57,86,1.518,0.66,us,us6000quyd,2025-10-11T20:57:10.040Z,"170 km E of Petropavlovsk-Kamchatsky, Russia",earthquake,8.46,5.457,0.042,173,reviewed,us,us
52.8196,161.163,2025-07-25T00:20:57.032Z,10,4.4,mb,56,148,1.535,0.68,us,us6000quye,2025-10-11T20:57:10.040Z,"172 km E of Petropavlovsk-Kamchatsky, Russia",earthquake,10.18,1.942,0.066,65,reviewed,us,us
53.0393,161.2426,2025-07-24T23:42:48.261Z,10,4.1,mb,33,127,1.566,0.97,us,us6000quy5,2025-10-11T20:57:10.040Z,"175 km E of Petropavlovsk-Kamchatsky, Russia",earthquake,8.23,1.898,0.114,22,reviewed,us,us
52.7497,160.9455,2025-07-24T23:38:47.651Z,45.257,4.2,mb,42,211,1.418,0.67,us,us6000quy3,2025-10-11T20:57:10.040Z,"159 km ESE of Petropavlovsk-Kamchatsky, Russia",earthquake,15.34,10.548,0.08,46,reviewed,us,us
53.0106,160.9939,2025-07-24T23:33:34.397Z,28.799,4.4,mb,41,172,1.416,0.65,us,us6000qyvl,2025-10-11T20:57:43.040Z,"158 km E of Petropavlovsk-Kamchatsky, Russia",earthquake,12.25,7.423,0.086,41,reviewed,us,us
53.0705,161.261,2025-07-24T23:27:39.733Z,10,4.9,mb,96,113,1.577,0.78,us,us6000quxy,2025-10-11T20:57:09.040Z,"176 km E of Petropavlovsk-Kamchatsky, Russia",earthquake,7.83,1.863,0.027,446,reviewed,us,us
52.6973,161.3613,2025-07-24T23:20:31.192Z,10,4.1,mb,15,197,1.676,1.02,us,us6000qyvm,2025-10-11T20:57:43.040Z,"188 km ESE of Petropavlovsk-Kamchatsky, Russia",earthquake,12.04,1.998,0.262,5,reviewed,us,us
52.8626,161.297,2025-07-24T23:08:40.538Z,36.601,4.3,mb,20,119,1.61,0.92,us,us6000qyvs,2025-10-11T20:57:43.040Z,"180 km E of Petropavlovsk-Kamchatsky, Russia",earthquake,6.46,8.46,0.138,15,reviewed,us,us
52.2003,161.1264,2025-07-24T23:06:21.133Z,55.145,4.1,mb,19,124,1.72,0.95,us,us6000qyw3,2025-10-11T20:57:43.040Z,"194 km ESE of Petropavlovsk-Kamchatsky, Russia",earthquake,11.26,9.023,0.165,10,reviewed,us,us
52.766,161.2899,2025-07-24T22:51:55.179Z,10,4,mb,13,195,1.62,1.18,us,us6000qyvr,2025-10-11T20:57:43.040Z,"182 km ESE of Petropavlovsk-Kamchatsky, Russia",earthquake,12.55,2.001,0.212,6,reviewed,us,us
52.9914,161.2738,2025-07-24T22:44:46.805Z,12.541,4.7,mb,50,118,1.586,1.22,us,us6000qyvk,2025-10-11T20:57:42.040Z,"177 km E of Petropavlovsk-Kamchatsky, Russia",earthquake,9.24,5.052,0.09,38,reviewed,us,us
52.9584,161.0863,2025-07-24T22:39:24.305Z,10,5.8,mb,91,106,1.474,1.06,us,us6000quxr,2025-10-11T20:57:09.040Z,"165 km E of Petropavlovsk-Kamchatsky, Russia",earthquake,4.06,1.84,0.06,102,reviewed,us,us
53.0151,161.0626,2025-07-24T22:37:27.147Z,14,6,mww,132,53,1.457,0.95,us,us6000quxn,2025-10-11T20:57:09.040Z,"163 km E of Petropavlovsk-Kamchatsky, Russia",earthquake,7.07,1.611,0.041,58,reviewed,us,us
51.7528,159.8686,2025-07-24T20:36:32.389Z,10,4.1,mb,24,167,1.476,0.6,us,us6000qyvh,2025-10-11T20:57:42.040Z,"164 km SE of Vilyuchinsk, Russia",earthquake,10.18,1.968,0.131,16,reviewed,us,us
52.7532,160.5753,2025-07-24T19:09:46.285Z,35,4.5,mb,77,134,1.198,0.67,us,us6000quqg,2025-10-11T20:57:08.040Z,"135 km ESE of Petropavlovsk-Kamchatsky, Russia",earthquake,9.73,1.916,0.052,111,reviewed,us,us
44.461,148.0664,2025-07-24T12:14:52.248Z,78.483,4.6,mb,79,134,3.945,0.74,us,us6000qul0,2025-10-11T20:57:06.040Z,"86 km S of Kuril’sk, Russia",earthquake,8.91,2.745,0.051,114,reviewed,us,us
52.1296,160.3639,2025-07-24T11:39:18.276Z,10,4.7,mb,74,122,1.377,1.21,us,us6000qukw,2025-10-11T20:57:06.040Z,"157 km SE of Petropavlovsk-Kamchatsky, Russia",earthquake,8.07,1.882,0.052,113,reviewed,us,us
52.5018,160.6432,2025-07-24T11:08:52.807Z,10,4.2,mb,49,119,1.319,0.71,us,us6000quks,2025-10-11T20:57:06.040Z,"149 km ESE of Petropavlovsk-Kamchatsky, Russia",earthquake,9.12,1.899,0.084,40,reviewed,us,us
52.4876,160.7329,2025-07-24T10:47:37.060Z,10,4.1,mb,20,174,1.375,0.55,us,us6000qyv0,2025-10-11T20:57:42.040Z,"155 km ESE of Petropavlovsk-Kamchatsky, Russia",earthquake,10.8,1.99,0.151,13,reviewed,us,us
51.8666,160.1905,2025-07-24T09:35:17.210Z,34.132,4.1,mb,21,158,1.494,0.58,us,us6000qyuy,2025-10-11T20:57:42.040Z,"169 km SE of Vilyuchinsk, Russia",earthquake,10.19,5.479,0.175,11,reviewed,us,us
51.6119,160.1743,2025-07-24T08:55:21.809Z,10,4,mb,17,154,1.695,0.66,us,us6000qyw4,2025-10-11T20:57:43.040Z,"190 km SE of Vilyuchinsk, Russia",earthquake,8.06,1.852,0.164,10,reviewed,us,us
51.1389,159.7792,2025-07-24T08:37:11.722Z,10,4.3,mb,17,129,2.012,1.17,us,us6000qyux,2025-10-11T20:57:41.040Z,"220 km SSE of Vilyuchinsk, Russia",earthquake,9.28,1.933,0.168,10,reviewed,us,us
52.2582,160.3396,2025-07-24T08:34:36.949Z,10,5,mb,170,117,1.283,0.69,us,us6000qukc,2025-10-11T20:57:06.040Z,"146 km SE of Petropavlovsk-Kamchatsky, Russia",earthquake,8.74,1.868,0.043,170,reviewed,us,us
52.2457,160.2142,2025-07-24T08:33:39.764Z,35,4.5,mb,42,123,1.231,0.81,us,us6000qukf,2025-10-11T20:57:06.040Z,"140 km SE of Petropavlovsk-Kamchatsky, Russia",earthquake,9.71,1.927,0.096,32,reviewed,us,us
52.7766,160.952,2025-07-24T05:23:19.138Z,26.021,4.3,mb,20,150,1.416,0.93,us,us6000qyv1,2025-10-11T20:57:42.040Z,"159 km ESE of Petropavlovsk-Kamchatsky, Russia",earthquake,12.11,7.948,0.16,11,reviewed,us,us
52.474,160.6684,2025-07-24T05:10:32.011Z,26.903,4.3,mb,15,121,1.344,0.51,us,us6000qyuv,2025-10-11T20:57:41.040Z,"152 km ESE of Petropavlovsk-Kamchatsky, Russia",earthquake,9.65,6.399,0.177,9,reviewed,us,us
52.6665,160.7739,2025-07-24T05:09:11.729Z,35,4.5,mb,49,120,1.337,1.01,us,us6000qujw,2025-10-11T20:57:05.040Z,"151 km ESE of Petropavlovsk-Kamchatsky, Russia",earthquake,6.31,1.89,0.084,42,reviewed,us,us
52.911,161.0062,2025-07-24T04:03:18.757Z,33.15,4.2,mb,23,189,1.43,1.22,us,us6000qyvw,2025-10-11T20:57:43.040Z,"160 km E of Petropavlovsk-Kamchatsky, Russia",earthquake,12.74,9.639,0.132,16,reviewed,us,us
52.6923,160.9851,2025-07-24T04:02:12.778Z,10,4.2,mb,24,198,1.454,0.82,us,us6000qyut,2025-10-11T20:57:41.040Z,"164 km ESE of Petropavlovsk-Kamchatsky, Russia",earthquake,10.88,1.994,0.117,20,reviewed,us,us
52.5518,160.4883,2025-07-24T01:11:25.082Z,35,4.1,mb,12,179,1.212,0.8,us,us6000qyur,2025-10-11T20:57:41.040Z,"137 km ESE of Petropavlovsk-Kamchatsky, Russia",earthquake,6.68,1.995,0.234,5,reviewed,us,us
52.6936,159.7926,2025-07-23T21:13:34.206Z,72.232,4.4,mb,32,168,0.767,0.72,us,us6000quhj,2025-10-11T20:57:04.040Z,"88 km ESE of Petropavlovsk-Kamchatsky, Russia",earthquake,11.81,6.969,0.1,29,reviewed,us,us
52.4804,160.0866,2025-07-23T20:01:31.303Z,35.446,5.1,mww,127,76,1.029,0.88,us,us6000qufs,2025-10-11T20:57:04.040Z,"117 km SE of Petropavlovsk-Kamchatsky, Russia",earthquake,7.46,4.983,0.093,11,reviewed,us,us
52.1893,160.4547,2025-07-23T19:30:44.637Z,10,4.5,mb,38,161,1.382,0.94,us,us6000quen,2025-10-11T20:57:04.040Z,"157 km SE of Petropavlovsk-Kamchatsky, Russia",earthquake,9.56,1.949,0.099,30,reviewed,us,us
52.2371,160.42,2025-07-23T19:29:57.718Z,10,4.3,mb,18,152,1.336,1.14,us,us6000qyn1,2025-10-11T20:57:41.040Z,"152 km SE of Petropavlovsk-Kamchatsky, Russia",earthquake,6.58,1.945,0.153,12,reviewed,us,us
53.282,160.9343,2025-07-23T19:25:26.976Z,35,4.1,mb,14,171,1.4,1.26,us,us6000qymu,2025-10-11T20:57:41.040Z,"156 km E of Petropavlovsk-Kamchatsky, Russia",earthquake,12.63,1.999,0.174,9,reviewed,us,us
52.3837,160.7363,2025-07-23T19:17:49.982Z,10,4.3,mb,32,151,1.422,1.16,us,us6000quek,2025-10-11T20:57:04.040Z,"161 km ESE of Petropavlovsk-Kamchatsky, Russia",earthquake,6.12,1.924,0.113,22,reviewed,us,us
52.0852,160.5072,2025-07-23T18:05:30.814Z,10,4.6,mb,84,64,1.473,0.72,us,us6000que3,2025-10-11T20:57:04.040Z,"167 km SE of Petropavlovsk-Kamchatsky, Russia",earthquake,8.35,1.864,0.064,73,reviewed,us,us
52.915,160.6201,2025-07-23T17:58:21.220Z,35,4.3,mb,15,170,1.196,0.81,us,us6000qymr,2025-10-11T20:57:41.040Z,"134 km E of Petropavlovsk-Kamchatsky, Russia",earthquake,9.34,1.987,0.201,7,reviewed,us,us
51.6393,159.7321,2025-07-23T16:46:02.291Z,10,4.2,mb,16,163,1.537,0.91,us,us6000qymp,2025-10-11T20:57:40.040Z,"169 km SSE of Vilyuchinsk, Russia",earthquake,9.53,1.977,0.175,9,reviewed,us,us
52.5181,160.1833,2025-07-23T16:40:21.615Z,35,4,mb,16,178,1.06,1.07,us,us6000qudt,2025-10-11T20:57:04.040Z,"121 km ESE of Petropavlovsk-Kamchatsky, Russia",earthquake,11.49,1.991,0.144,13,reviewed,us,us
52.957,160.5551,2025-07-23T14:46:49.416Z,35,4.1,mb,17,118,1.154,0.61,us,us6000qymw,2025-10-11T20:57:41.040Z,"129 km E of Petropavlovsk-Kamchatsky, Russia",earthquake,10.99,1.944,0.135,15,reviewed,us,us
52.8924,161.2734,2025-07-23T14:28:04.015Z,10,4.8,mb,105,119,1.592,0.81,us,us6000qud5,2025-10-11T20:57:03.040Z,"178 km E of Petropavlovsk-Kamchatsky, Russia",earthquake,8.68,1.875,0.034,270,reviewed,us,us
52.8077,160.0515,2025-07-23T14:20:17.239Z,47.331,4.4,mb,33,119,0.876,1.04,us,us6000qud2,2025-10-11T20:57:03.040Z,"99 km ESE of Petropavlovsk-Kamchatsky, Russia",earthquake,6.89,7.201,0.093,33,reviewed,us,us
52.0084,160.3053,2025-07-23T13:49:33.940Z,35,4.6,mb,59,170,1.434,0.65,us,us6000qucy,2025-10-11T20:57:03.040Z,"163 km SE of Petropavlovsk-Kamchatsky, Russia",earthquake,9.31,1.947,0.073,56,reviewed,us,us
52.9133,160.8431,2025-07-23T12:38:44.329Z,10,4.4,mb,12,189,1.331,0.19,us,us6000qymf,2025-10-11T20:57:40.040Z,"149 km E of Petropavlovsk-Kamchatsky, Russia",earthquake,13.62,1.996,0.203,8,reviewed,us,us
52.3125,160.5144,2025-07-23T12:13:27.667Z,11.481,4.6,mb,77,121,1.34,0.77,us,us6000quck,2025-10-11T20:57:02.040Z,"152 km SE of Petropavlovsk-Kamchatsky, Russia",earthquake,9.85,5.116,0.064,72,reviewed,us,us
